TERM_OF_LOAN,Profitability,Origination_year,YEAR,Months_elapsed,CREDIT_SCORE_BUCKET,OPB,PAYMENT_AMOUNT,AUTO_PTI_TOTAL
72.0,0.07445053368025466,2025.0,2025.0,0.0,<600,16374.197050243398,315.36910315242056,10.390343911200919
72.0,2517.9535624828704,2025.0,2026.0,12.0,<600,12589.767812414351,315.36910315242056,10.390343911200919
72.0,1849.121100662914,2025.0,2027.0,24.0,<600,8805.338574585305,315.36910315242056,10.390343911200919
72.0,1104.6000540863768,2025.0,2028.0,36.0,<600,5020.909336756258,315.36910315242056,10.390343911200919
72.0,284.3904227532587,2025.0,2029.0,48.0,<600,1236.4800989272117,315.36910315242056,10.390343911200919
72.0,0.0,2025.0,2030.0,60.0,<600,0.0,315.36910315242056,10.390343911200919
72.0,0.0,2025.0,2031.0,72.0,<600,0.0,315.36910315242056,10.390343911200919
72.0,0.0,2025.0,2032.0,84.0,<600,0.0,315.36910315242056,10.390343911200919
72.0,0.01717337674150801,2025.0,2025.0,0.0,660+,19499.35012844952,379.38473558188224,11.63319842601336
72.0,2989.3466602933872,2025.0,2026.0,12.0,660+,14946.733301466935,379.38473558188224,11.63319842601336
72.0,2182.764459641713,2025.0,2027.0,24.0,660+,10394.116474484348,379.38473558188224,11.63319842601336
72.0,1285.1299224503875,2025.0,2028.0,36.0,660+,5841.4996475017615,379.38473558188224,11.63319842601336
72.0,296.4430487194102,2025.0,2029.0,48.0,660+,1288.8828205191749,379.38473558188224,11.63319842601336
72.0,0.0,2025.0,2030.0,60.0,660+,0.0,379.38473558188224,11.63319842601336
72.0,0.0,2025.0,2031.0,72.0,660+,0.0,379.38473558188224,11.63319842601336
72.0,0.0,2025.0,2032.0,84.0,660+,0.0,379.38473558188224,11.63319842601336
72.0,0.09413399035505524,2025.0,2025.0,0.0,<600,25919.8618733883,447.6109079682139,13.540649561754059
72.0,4109.706195553947,2025.0,2026.0,12.0,<600,20548.530977769733,447.6109079682139,13.540649561754059
72.0,3187.2120172517452,2025.0,2027.0,24.0,<600,15177.200082151168,447.6109079682139,13.540649561754059
72.0,2157.2912210371724,2025.0,2028.0,36.0,<600,9805.869186532602,447.6109079682139,13.540649561754059
72.0,1019.9438069102282,2025.0,2029.0,48.0,<600,4434.538290914035,447.6109079682139,13.540649561754059
72.0,0.0,2025.0,2030.0,60.0,<600,0.0,447.6109079682139,13.540649561754059
72.0,0.0,2025.0,2031.0,72.0,<600,0.0,447.6109079682139,13.540649561754059
72.0,0.0,2025.0,2032.0,84.0,<600,0.0,447.6109079682139,13.540649561754059
72.0,0.04779117174705522,2025.0,2025.0,0.0,601-660,21385.159152197462,392.13970348042625,11.63935325076807
72.0,3335.8965420864697,2025.0,2026.0,12.0,601-660,16679.48271043235,392.13970348042625,11.63935325076807
72.0,2514.4993164201187,2025.0,2027.0,24.0,601-660,11973.806268667233,392.13970348042625,11.63935325076807
72.0,1598.9885619184658,2025.0,2028.0,36.0,601-660,7268.129826902117,392.13970348042625,11.63935325076807
72.0,589.3642785815108,2025.0,2029.0,48.0,601-660,2562.4533851370034,392.13970348042625,11.63935325076807
72.0,0.0,2025.0,2030.0,60.0,601-660,0.0,392.13970348042625,11.63935325076807
72.0,0.0,2025.0,2031.0,72.0,601-660,0.0,392.13970348042625,11.63935325076807
72.0,0.0,2025.0,2032.0,84.0,601-660,0.0,392.13970348042625,11.63935325076807
75.0,0.036853708286534094,2025.0,2025.0,0.0,<600,21672.899846427375,436.4070784947125,9.58304008995309
75.0,3287.202980898165,2025.0,2026.0,12.0,<600,16436.014904490825,436.4070784947125,9.58304008995309
75.0,2351.817292136398,2025.0,2027.0,24.0,<600,11199.129962554276,436.4070784947125,9.58304008995309
75.0,1311.6939045358997,2025.0,2028.0,36.0,<600,5962.2450206177255,436.4070784947125,9.58304008995309
75.0,166.83281809667065,2025.0,2029.0,48.0,<600,725.3600786811767,436.4070784947125,9.58304008995309
75.0,0.0,2025.0,2030.0,60.0,<600,0.0,436.4070784947125,9.58304008995309
75.0,0.0,2025.0,2031.0,72.0,<600,0.0,436.4070784947125,9.58304008995309
75.0,0.0,2025.0,2032.0,84.0,<600,0.0,436.4070784947125,9.58304008995309
72.0,0.011435607186764118,2025.0,2025.0,0.0,<600,16969.095018315318,363.4700622180162,9.30529636293049
72.0,2521.490854339825,2025.0,2026.0,12.0,<600,12607.454271699124,363.4700622180162,9.30529636293049
72.0,1731.6208402674151,2025.0,2027.0,24.0,<600,8245.81352508293,363.4700622180162,9.30529636293049
72.0,854.5180112626816,2025.0,2028.0,36.0,<600,3884.1727784667346,363.4700622180162,9.30529636293049
72.0,0.0,2025.0,2029.0,48.0,<600,0.0,363.4700622180162,9.30529636293049
72.0,0.0,2025.0,2030.0,60.0,<600,0.0,363.4700622180162,9.30529636293049
72.0,0.0,2025.0,2031.0,72.0,<600,0.0,363.4700622180162,9.30529636293049
72.0,0.0,2025.0,2032.0,84.0,<600,0.0,363.4700622180162,9.30529636293049
72.0,0.08155259543531951,2025.0,2025.0,0.0,<600,30018.580471334917,710.0049580291392,12.99728839088388
72.0,4299.70419499705,2025.0,2026.0,12.0,<600,21498.520974985247,710.0049580291392,12.99728839088388
72.0,2725.476910513471,2025.0,2027.0,24.0,<600,12978.461478635578,710.0049580291392,12.99728839088388
72.0,980.8484361028998,2025.0,2028.0,36.0,<600,4458.401982285908,710.0049580291392,12.99728839088388
72.0,0.0,2025.0,2029.0,48.0,<600,0.0,710.0049580291392,12.99728839088388
72.0,0.0,2025.0,2030.0,60.0,<600,0.0,710.0049580291392,12.99728839088388
72.0,0.0,2025.0,2031.0,72.0,<600,0.0,710.0049580291392,12.99728839088388
72.0,0.0,2025.0,2032.0,84.0,<600,0.0,710.0049580291392,12.99728839088388
75.0,0.08482048935287399,2025.0,2025.0,0.0,601-660,46937.52472523852,839.1114990035138,12.73902157631421
75.0,7373.637347439272,2025.0,2026.0,12.0,601-660,36868.18673719636,839.1114990035138,12.73902157631421
75.0,5627.75823732238,2025.0,2027.0,24.0,601-660,26798.848749154193,839.1114990035138,12.73902157631421
75.0,3680.492367444646,2025.0,2028.0,36.0,601-660,16729.510761112026,839.1114990035138,12.73902157631421
75.0,1531.8397378060683,2025.0,2029.0,48.0,601-660,6660.172773069862,839.1114990035138,12.73902157631421
75.0,0.0,2025.0,2030.0,60.0,601-660,0.0,839.1114990035138,12.73902157631421
75.0,0.0,2025.0,2031.0,72.0,601-660,0.0,839.1114990035138,12.73902157631421
75.0,0.0,2025.0,2032.0,84.0,601-660,0.0,839.1114990035138,12.73902157631421
50.0,0.04697746791504284,2025.0,2025.0,0.0,<600,45586.578365453504,828.8354270200882,19.59450707934424
50.0,7128.110648242489,2025.0,2026.0,12.0,<600,35640.553241212445,828.8354270200882,19.59450707934424
50.0,5395.85090456399,2025.0,2027.0,24.0,<600,25694.528116971385,828.8354270200882,19.59450707934424
50.0,3464.6706584006724,2025.0,2028.0,36.0,<600,15748.50299273033,828.8354270200882,19.59450707934424
50.0,1334.5699097525312,2025.0,2029.0,48.0,<600,5802.477868489266,828.8354270200882,19.59450707934424
50.0,0.0,2025.0,2030.0,60.0,<600,0.0,828.8354270200882,19.59450707934424
50.0,0.0,2025.0,2031.0,72.0,<600,0.0,828.8354270200882,19.59450707934424
50.0,0.0,2025.0,2032.0,84.0,<600,0.0,828.8354270200882,19.59450707934424
75.0,0.09312402334787388,2025.0,2025.0,0.0,<600,14150.94662851108,281.78697442871146,10.473689678929949
75.0,2153.9005870733085,2025.0,2026.0,12.0,<600,10769.502935366541,281.78697442871146,10.473689678929949
75.0,1551.4924408666209,2025.0,2027.0,24.0,<600,7388.059242222004,281.78697442871146,10.473689678929949
75.0,881.4554207970428,2025.0,2028.0,36.0,<600,4006.615549077467,281.78697442871146,10.473689678929949
75.0,143.78952686457373,2025.0,2029.0,48.0,<600,625.1718559329292,281.78697442871146,10.473689678929949
75.0,0.0,2025.0,2030.0,60.0,<600,0.0,281.78697442871146,10.473689678929949
75.0,0.0,2025.0,2031.0,72.0,<600,0.0,281.78697442871146,10.473689678929949
75.0,0.0,2025.0,2032.0,84.0,<600,0.0,281.78697442871146,10.473689678929949
75.0,0.08201427767472164,2025.0,2025.0,0.0,601-660,39183.45282606959,706.8133415199313,10.02005733150051
75.0,6140.338545566083,2025.0,2026.0,12.0,601-660,30701.692727830414,706.8133415199313,10.02005733150051
75.0,4666.185852214159,2025.0,2027.0,24.0,601-660,22219.932629591236,706.8133415199313,10.02005733150051
75.0,3022.397956897453,2025.0,2028.0,36.0,601-660,13738.172531352058,706.8133415199313,10.02005733150051
75.0,1208.9748596159634,2025.0,2029.0,48.0,601-660,5256.412433112884,706.8133415199313,10.02005733150051
75.0,0.0,2025.0,2030.0,60.0,601-660,0.0,706.8133415199313,10.02005733150051
75.0,0.0,2025.0,2031.0,72.0,601-660,0.0,706.8133415199313,10.02005733150051
75.0,0.0,2025.0,2032.0,84.0,601-660,0.0,706.8133415199313,10.02005733150051
72.0,0.026342986429107786,2025.0,2025.0,0.0,601-660,22789.32773744603,434.9099934961059,7.78448459159742
72.0,3514.081563098552,2025.0,2026.0,12.0,601-660,17570.40781549276,434.9099934961059,7.78448459159742
72.0,2593.8124576432924,2025.0,2027.0,24.0,601-660,12351.487893539488,434.9099934961059,7.78448459159742
72.0,1569.1649537489677,2025.0,2028.0,36.0,601-660,7132.567971586217,434.9099934961059,7.78448459159742
72.0,440.13905141557757,2025.0,2029.0,48.0,601-660,1913.648049632946,434.9099934961059,7.78448459159742
72.0,0.0,2025.0,2030.0,60.0,601-660,0.0,434.9099934961059,7.78448459159742
72.0,0.0,2025.0,2031.0,72.0,601-660,0.0,434.9099934961059,7.78448459159742
72.0,0.0,2025.0,2032.0,84.0,601-660,0.0,434.9099934961059,7.78448459159742
48.0,0.02702871632734353,2025.0,2025.0,0.0,601-660,22390.16665337172,435.7622169859017,14.06785898045413
48.0,3432.2040099081805,2025.0,2026.0,12.0,601-660,17161.0200495409,435.7622169859017,14.06785898045413
48.0,2505.6934235991166,2025.0,2027.0,24.0,601-660,11931.87344571008,435.7622169859017,14.06785898045413
48.0,1474.599905213437,2025.0,2028.0,36.0,601-660,6702.726841879259,435.7622169859017,14.06785898045413
48.0,0.0,2025.0,2029.0,48.0,601-660,0.0,435.7622169859017,14.06785898045413
48.0,0.0,2025.0,2030.0,60.0,601-660,0.0,435.7622169859017,14.06785898045413
48.0,0.0,2025.0,2031.0,72.0,601-660,0.0,435.7622169859017,14.06785898045413
48.0,0.0,2025.0,2032.0,84.0,601-660,0.0,435.7622169859017,14.06785898045413
72.0,0.02094897030662889,2025.0,2025.0,0.0,601-660,23485.175329246817,474.9179278072296,11.8694204948234
72.0,3557.232039112013,2025.0,2026.0,12.0,601-660,17786.160195560064,474.9179278072296,11.8694204948234
72.0,2538.3004629933944,2025.0,2027.0,24.0,601-660,12087.145061873307,474.9179278072296,11.8694204948234
72.0,1405.388584201041,2025.0,2028.0,36.0,601-660,6388.12992818655,474.9179278072296,11.8694204948234
72.0,158.49640273495342,2025.0,2029.0,48.0,601-660,689.1147944997974,474.9179278072296,11.8694204948234
72.0,0.0,2025.0,2030.0,60.0,601-660,0.0,474.9179278072296,11.8694204948234
72.0,0.0,2025.0,2031.0,72.0,601-660,0.0,474.9179278072296,11.8694204948234
72.0,0.0,2025.0,2032.0,84.0,601-660,0.0,474.9179278072296,11.8694204948234
72.0,0.05243987594944652,2025.0,2025.0,0.0,660+,21317.04695407985,418.6238668325004,10.92300009489735
72.0,3258.7121104179696,2025.0,2026.0,12.0,660+,16293.560552089846,418.6238668325004,10.92300009489735
72.0,2366.7155715209665,2025.0,2027.0,24.0,660+,11270.074150099841,418.6238668325004,10.92300009489735
72.0,1374.2493045841638,2025.0,2028.0,36.0,660+,6246.587748109836,418.6238668325004,10.92300009489735
72.0,281.3133096075611,2025.0,2029.0,48.0,660+,1223.1013461198309,418.6238668325004,10.92300009489735
72.0,0.0,2025.0,2030.0,60.0,660+,0.0,418.6238668325004,10.92300009489735
72.0,0.0,2025.0,2031.0,72.0,660+,0.0,418.6238668325004,10.92300009489735
72.0,0.0,2025.0,2032.0,84.0,660+,0.0,418.6238668325004,10.92300009489735
75.0,0.08841728945902705,2025.0,2025.0,0.0,601-660,22421.418377608425,432.34462636420415,12.00114083982282
75.0,3446.6565722475952,2025.0,2026.0,12.0,601-660,17233.282861237974,432.34462636420415,12.00114083982282
75.0,2529.48094242218,2025.0,2027.0,24.0,601-660,12045.147344867524,432.34462636420415,12.00114083982282
75.0,1508.5426022693566,2025.0,2028.0,36.0,601-660,6857.011828497076,432.34462636420415,12.00114083982282
75.0,383.8415517891235,2025.0,2029.0,48.0,601-660,1668.8763121266238,432.34462636420415,12.00114083982282
75.0,0.0,2025.0,2030.0,60.0,601-660,0.0,432.34462636420415,12.00114083982282
75.0,0.0,2025.0,2031.0,72.0,601-660,0.0,432.34462636420415,12.00114083982282
75.0,0.0,2025.0,2032.0,84.0,601-660,0.0,432.34462636420415,12.00114083982282
45.0,0.020125535666898967,2025.0,2025.0,0.0,<600,14291.761345934156,284.0123004158117,11.775716526197911
45.0,2176.7227481888835,2025.0,2026.0,12.0,<600,10883.613740944416,284.0123004158117,11.775716526197911
45.0,1569.8478885504817,2025.0,2027.0,24.0,<600,7475.466135954675,284.0123004158117,11.775716526197911
45.0,894.8100768122855,2025.0,2028.0,36.0,<600,4067.3185309649343,284.0123004158117,11.775716526197911
45.0,0.0,2025.0,2029.0,48.0,<600,0.0,284.0123004158117,11.775716526197911
45.0,0.0,2025.0,2030.0,60.0,<600,0.0,284.0123004158117,11.775716526197911
45.0,0.0,2025.0,2031.0,72.0,<600,0.0,284.0123004158117,11.775716526197911
45.0,0.0,2025.0,2032.0,84.0,<600,0.0,284.0123004158117,11.775716526197911
72.0,0.039820898202083635,2025.0,2025.0,0.0,<600,36743.63967940586,516.0950948520671,13.98471307850096
72.0,6110.099708236212,2025.0,2026.0,12.0,<600,30550.498541181056,516.0950948520671,13.98471307850096
72.0,5115.045054620813,2025.0,2027.0,24.0,<600,24357.35740295625,516.0950948520671,13.98471307850096
72.0,3996.1275782409184,2025.0,2028.0,36.0,<600,18164.216264731447,516.0950948520671,13.98471307850096
72.0,2753.347279096528,2025.0,2029.0,48.0,<600,11971.075126506643,516.0950948520671,13.98471307850096
72.0,1386.7041571876402,2025.0,2030.0,60.0,<600,5777.933988281835,516.0950948520671,13.98471307850096
72.0,0.0,2025.0,2031.0,72.0,<600,0.0,516.0950948520671,13.98471307850096
72.0,0.0,2025.0,2032.0,84.0,<600,0.0,516.0950948520671,13.98471307850096
75.0,0.02532396825256751,2025.0,2025.0,0.0,601-660,21241.39732722916,424.6539030786499,10.76390227646724
75.0,3229.1100980570723,2025.0,2026.0,12.0,601-660,16145.55049028536,424.6539030786499,10.76390227646724
75.0,2320.4377672017276,2025.0,2027.0,24.0,601-660,11049.703653341561,424.6539030786499,10.76390227646724
75.0,1309.8484996075078,2025.0,2028.0,36.0,601-660,5953.856816397763,424.6539030786499,10.76390227646724
75.0,197.34229527441167,2025.0,2029.0,48.0,601-660,858.0099794539638,424.6539030786499,10.76390227646724
75.0,0.0,2025.0,2030.0,60.0,601-660,0.0,424.6539030786499,10.76390227646724
75.0,0.0,2025.0,2031.0,72.0,601-660,0.0,424.6539030786499,10.76390227646724
75.0,0.0,2025.0,2032.0,84.0,601-660,0.0,424.6539030786499,10.76390227646724
72.0,0.002572710031088221,2025.0,2025.0,0.0,601-660,14563.522004221471,313.11265465262886,10.39718023481543
72.0,2161.2340296779853,2025.0,2026.0,12.0,601-660,10806.170148389925,313.11265465262886,10.39718023481543
72.0,1480.2518414372594,2025.0,2027.0,24.0,601-660,7048.818292558379,313.11265465262886,10.39718023481543
72.0,724.1226160799031,2025.0,2028.0,36.0,601-660,3291.4664367268324,313.11265465262886,10.39718023481543
72.0,0.0,2025.0,2029.0,48.0,601-660,0.0,313.11265465262886,10.39718023481543
72.0,0.0,2025.0,2030.0,60.0,601-660,0.0,313.11265465262886,10.39718023481543
72.0,0.0,2025.0,2031.0,72.0,601-660,0.0,313.11265465262886,10.39718023481543
72.0,0.0,2025.0,2032.0,84.0,601-660,0.0,313.11265465262886,10.39718023481543
72.0,0.09742879575125223,2025.0,2025.0,0.0,601-660,16091.61489888771,302.7209913095761,8.6054147423594
72.0,2491.7926006345597,2025.0,2026.0,12.0,601-660,12458.963003172797,302.7209913095761,8.6054147423594
72.0,1853.5253325661556,2025.0,2027.0,24.0,601-660,8826.311107457885,302.7209913095761,8.6054147423594
72.0,1142.6050265834533,2025.0,2028.0,36.0,601-660,5193.65921174297,302.7209913095761,8.6054147423594
72.0,359.03168268645317,2025.0,2029.0,48.0,601-660,1561.0073160280572,302.7209913095761,8.6054147423594
72.0,0.0,2025.0,2030.0,60.0,601-660,0.0,302.7209913095761,8.6054147423594
72.0,0.0,2025.0,2031.0,72.0,601-660,0.0,302.7209913095761,8.6054147423594
72.0,0.0,2025.0,2032.0,84.0,601-660,0.0,302.7209913095761,8.6054147423594
48.0,0.08895480891348545,2025.0,2025.0,0.0,601-660,17810.682117832795,354.40861023761886,11.38494565544433
48.0,2711.5557589962737,2025.0,2026.0,12.0,601-660,13557.778794981368,354.40861023761886,11.38494565544433
48.0,1954.0238491472878,2025.0,2027.0,24.0,601-660,9304.875472129943,354.40861023761886,11.38494565544433
48.0,1111.4338728412738,2025.0,2028.0,36.0,601-660,5051.9721492785175,354.40861023761886,11.38494565544433
48.0,0.0,2025.0,2029.0,48.0,601-660,0.0,354.40861023761886,11.38494565544433
48.0,0.0,2025.0,2030.0,60.0,601-660,0.0,354.40861023761886,11.38494565544433
48.0,0.0,2025.0,2031.0,72.0,601-660,0.0,354.40861023761886,11.38494565544433
48.0,0.0,2025.0,2032.0,84.0,601-660,0.0,354.40861023761886,11.38494565544433
72.0,0.004086362072876804,2025.0,2025.0,0.0,660+,23477.207650945216,440.8111161711184,24.94222746661799
72.0,3637.494851378359,2025.0,2026.0,12.0,660+,18187.474256891794,440.8111161711184,24.94222746661799
72.0,2708.5255811960587,2025.0,2027.0,24.0,660+,12897.740862838375,440.8111161711184,24.94222746661799
72.0,1673.7616431326899,2025.0,2028.0,36.0,660+,7608.007468784954,440.8111161711184,24.94222746661799
72.0,533.2030371882526,2025.0,2029.0,48.0,660+,2318.274074731533,440.8111161711184,24.94222746661799
72.0,0.0,2025.0,2030.0,60.0,660+,0.0,440.8111161711184,24.94222746661799
72.0,0.0,2025.0,2031.0,72.0,660+,0.0,440.8111161711184,24.94222746661799
72.0,0.0,2025.0,2032.0,84.0,660+,0.0,440.8111161711184,24.94222746661799
72.0,0.011804870030342985,2025.0,2025.0,0.0,<600,23953.305308121253,430.4740647615197,11.0501134847154
72.0,3757.5233061966037,2025.0,2026.0,12.0,<600,18787.616530983018,430.4740647615197,11.0501134847154
72.0,2860.6048283074037,2025.0,2027.0,24.0,<600,13621.92775384478,430.4740647615197,11.0501134847154
72.0,1860.3725748754396,2025.0,2028.0,36.0,<600,8456.238976706543,430.4740647615197,11.0501134847154
72.0,756.8265459007109,2025.0,2029.0,48.0,<600,3290.550199568308,430.4740647615197,11.0501134847154
72.0,0.0,2025.0,2030.0,60.0,<600,0.0,430.4740647615197,11.0501134847154
72.0,0.0,2025.0,2031.0,72.0,<600,0.0,430.4740647615197,11.0501134847154
72.0,0.0,2025.0,2032.0,84.0,<600,0.0,430.4740647615197,11.0501134847154
72.0,0.05341692418355189,2025.0,2025.0,0.0,601-660,20703.485878262632,367.5410968125397,8.71396064811853
72.0,3258.598543302431,2025.0,2026.0,12.0,601-660,16292.992716512155,367.5410968125397,8.71396064811853
72.0,2495.3249064999527,2025.0,2027.0,24.0,601-660,11882.49955476168,367.5410968125397,8.71396064811853
72.0,1643.8414064624646,2025.0,2028.0,36.0,601-660,7472.006393011203,367.5410968125397,8.71396064811853
72.0,704.1480431899673,2025.0,2029.0,48.0,601-660,3061.5132312607275,367.5410968125397,8.71396064811853
72.0,0.0,2025.0,2030.0,60.0,601-660,0.0,367.5410968125397,8.71396064811853
72.0,0.0,2025.0,2031.0,72.0,601-660,0.0,367.5410968125397,8.71396064811853
72.0,0.0,2025.0,2032.0,84.0,601-660,0.0,367.5410968125397,8.71396064811853
75.0,0.030716740231098563,2025.0,2025.0,0.0,601-660,21154.65064182403,410.65233415096515,10.81314833543958
75.0,3245.36452640249,2025.0,2026.0,12.0,601-660,16226.822632012449,410.65233415096515,10.81314833543958
75.0,2372.788870662182,2025.0,2027.0,24.0,601-660,11298.994622200868,410.65233415096515,10.81314833543958
75.0,1401.656654725643,2025.0,2028.0,36.0,601-660,6371.1666123892865,410.65233415096515,10.81314833543958
75.0,331.96787859287184,2025.0,2029.0,48.0,601-660,1443.3386025777036,410.65233415096515,10.81314833543958
75.0,0.0,2025.0,2030.0,60.0,601-660,0.0,410.65233415096515,10.81314833543958
75.0,0.0,2025.0,2031.0,72.0,601-660,0.0,410.65233415096515,10.81314833543958
75.0,0.0,2025.0,2032.0,84.0,601-660,0.0,410.65233415096515,10.81314833543958
75.0,0.0642344364899009,2025.0,2025.0,0.0,601-660,19122.44613001749,355.5475831144733,10.806409123440611
75.0,2971.175026528763,2025.0,2026.0,12.0,601-660,14855.875132643812,355.5475831144733,10.806409123440611
75.0,2223.7538684067276,2025.0,2027.0,24.0,601-660,10589.304135270133,355.5475831144733,10.806409123440611
75.0,1391.0012903372199,2025.0,2028.0,36.0,601-660,6322.733137896454,355.5475831144733,10.806409123440611
75.0,472.9172923202381,2025.0,2029.0,48.0,601-660,2056.1621405227743,355.5475831144733,10.806409123440611
75.0,0.0,2025.0,2030.0,60.0,601-660,0.0,355.5475831144733,10.806409123440611
75.0,0.0,2025.0,2031.0,72.0,601-660,0.0,355.5475831144733,10.806409123440611
75.0,0.0,2025.0,2032.0,84.0,601-660,0.0,355.5475831144733,10.806409123440611
75.0,0.09569293124721898,2025.0,2025.0,0.0,660+,25507.496359699584,446.9101845171498,7.134795612164189
75.0,4028.9148290987578,2025.0,2026.0,12.0,660+,20144.57414549379,446.9101845171498,7.134795612164189
75.0,3104.146905570478,2025.0,2027.0,24.0,660+,14781.65193128799,446.9101845171498,7.134795612164189
75.0,2072.1205377580823,2025.0,2028.0,36.0,660+,9418.729717082191,446.9101845171498,7.134795612164189
75.0,932.8357256615711,2025.0,2029.0,48.0,660+,4055.807502876396,446.9101845171498,7.134795612164189
75.0,0.0,2025.0,2030.0,60.0,660+,0.0,446.9101845171498,7.134795612164189
75.0,0.0,2025.0,2031.0,72.0,660+,0.0,446.9101845171498,7.134795612164189
75.0,0.0,2025.0,2032.0,84.0,660+,0.0,446.9101845171498,7.134795612164189
29.0,0.018223394559438177,2025.0,2025.0,0.0,660+,22537.743791596982,442.61050162894674,7.21917892422796
29.0,3445.283554409925,2025.0,2026.0,12.0,660+,17226.417772049623,442.61050162894674,7.21917892422796
29.0,2502.1692680254746,2025.0,2027.0,24.0,660+,11915.09175250226,442.61050162894674,7.21917892422796
29.0,0.0,2025.0,2028.0,36.0,660+,0.0,442.61050162894674,7.21917892422796
29.0,0.0,2025.0,2029.0,48.0,660+,0.0,442.61050162894674,7.21917892422796
29.0,0.0,2025.0,2030.0,60.0,660+,0.0,442.61050162894674,7.21917892422796
29.0,0.0,2025.0,2031.0,72.0,660+,0.0,442.61050162894674,7.21917892422796
29.0,0.0,2025.0,2032.0,84.0,660+,0.0,442.61050162894674,7.21917892422796
72.0,0.01911154723141354,2025.0,2025.0,0.0,<600,23511.339748051687,438.33355931254215,18.6306806045583
72.0,3650.2674072602367,2025.0,2026.0,12.0,<600,18251.33703630118,438.33355931254215,18.6306806045583
72.0,2728.1802081556416,2025.0,2027.0,24.0,<600,12991.334324550675,438.33355931254215,18.6306806045583
72.0,1700.8929548160374,2025.0,2028.0,36.0,<600,7731.33161280017,438.33355931254215,18.6306806045583
72.0,568.4056472414225,2025.0,2029.0,48.0,<600,2471.328901049663,438.33355931254215,18.6306806045583
72.0,0.0,2025.0,2030.0,60.0,<600,0.0,438.33355931254215,18.6306806045583
72.0,0.0,2025.0,2031.0,72.0,<600,0.0,438.33355931254215,18.6306806045583
72.0,0.0,2025.0,2032.0,84.0,<600,0.0,438.33355931254215,18.6306806045583
72.0,0.08123963500258885,2025.0,2025.0,0.0,<600,20271.454541599396,385.1168850042872,19.60147566253359
72.0,3130.0103843095903,2025.0,2026.0,12.0,<600,15650.05192154795,385.1168850042872,19.60147566253359
72.0,2316.016353314266,2025.0,2027.0,24.0,<600,11028.649301496504,385.1168850042872,19.60147566253359
72.0,1409.5942699179125,2025.0,2028.0,36.0,<600,6407.246681445056,385.1168850042872,19.60147566253359
72.0,410.74413412053053,2025.0,2029.0,48.0,<600,1785.844061393611,385.1168850042872,19.60147566253359
72.0,0.0,2025.0,2030.0,60.0,<600,0.0,385.1168850042872,19.60147566253359
72.0,0.0,2025.0,2031.0,72.0,<600,0.0,385.1168850042872,19.60147566253359
72.0,0.0,2025.0,2032.0,84.0,<600,0.0,385.1168850042872,19.60147566253359
72.0,0.09582123900692513,2025.0,2025.0,0.0,660+,28710.03160174436,442.4703749048576,11.62175673985943
72.0,4680.077420577213,2025.0,2026.0,12.0,660+,23400.387102886067,442.4703749048576,11.62175673985943
72.0,3799.055946845833,2025.0,2027.0,24.0,660+,18090.74260402778,442.4703749048576,11.62175673985943
72.0,2811.8415831372868,2025.0,2028.0,36.0,660+,12781.098105169485,442.4703749048576,11.62175673985943
72.0,1718.434329451575,2025.0,2029.0,48.0,660+,7471.4536063111955,442.4703749048576,11.62175673985943
72.0,518.8341857886969,2025.0,2030.0,60.0,660+,2161.809107452904,442.4703749048576,11.62175673985943
72.0,0.0,2025.0,2031.0,72.0,660+,0.0,442.4703749048576,11.62175673985943
72.0,0.0,2025.0,2032.0,84.0,660+,0.0,442.4703749048576,11.62175673985943
72.0,0.07384042420896236,2025.0,2025.0,0.0,601-660,23309.09896716271,646.064354084941,11.08059756631787
72.0,3111.2653436286837,2025.0,2026.0,12.0,601-660,15556.326718143418,646.064354084941,11.08059756631787
72.0,1638.7464385160665,2025.0,2027.0,24.0,601-660,7803.554469124127,646.064354084941,11.08059756631787
72.0,11.17208842306325,2025.0,2028.0,36.0,601-660,50.78222010483296,646.064354084941,11.08059756631787
72.0,0.0,2025.0,2029.0,48.0,601-660,0.0,646.064354084941,11.08059756631787
72.0,0.0,2025.0,2030.0,60.0,601-660,0.0,646.064354084941,11.08059756631787
72.0,0.0,2025.0,2031.0,72.0,601-660,0.0,646.064354084941,11.08059756631787
72.0,0.0,2025.0,2032.0,84.0,601-660,0.0,646.064354084941,11.08059756631787
72.0,0.031713363907139115,2025.0,2025.0,0.0,660+,34150.9840715831,666.6994954912149,19.80226383739328
72.0,5230.1180251377045,2025.0,2026.0,12.0,660+,26150.590125688523,666.6994954912149,19.80226383739328
72.0,3811.5411977567283,2025.0,2027.0,24.0,660+,18150.196179793944,666.6994954912149,19.80226383739328
72.0,2232.9564914578605,2025.0,2028.0,36.0,660+,10149.802233899365,666.6994954912149,19.80226383739328
72.0,494.3639062411009,2025.0,2029.0,48.0,660+,2149.4082880047863,666.6994954912149,19.80226383739328
72.0,0.0,2025.0,2030.0,60.0,660+,0.0,666.6994954912149,19.80226383739328
72.0,0.0,2025.0,2031.0,72.0,660+,0.0,666.6994954912149,19.80226383739328
72.0,0.0,2025.0,2032.0,84.0,660+,0.0,666.6994954912149,19.80226383739328
72.0,0.033006677443832476,2025.0,2025.0,0.0,660+,21877.96054678073,407.6717580726002,10.279138211577921
72.0,3397.179889981906,2025.0,2026.0,12.0,660+,16985.899449909528,407.6717580726002,10.279138211577921
72.0,2539.7060541380483,2025.0,2027.0,24.0,660+,12093.838353038325,407.6717580726002,10.279138211577921
72.0,1584.390996356767,2025.0,2028.0,36.0,660+,7201.777256167123,407.6717580726002,10.279138211577921
72.0,531.2347166380616,2025.0,2029.0,48.0,660+,2309.71615929592,407.6717580726002,10.279138211577921
72.0,0.0,2025.0,2030.0,60.0,660+,0.0,407.6717580726002,10.279138211577921
72.0,0.0,2025.0,2031.0,72.0,660+,0.0,407.6717580726002,10.279138211577921
72.0,0.0,2025.0,2032.0,84.0,660+,0.0,407.6717580726002,10.279138211577921
72.0,0.07280950710028965,2025.0,2025.0,0.0,<600,20676.32356734053,399.5025154937547,10.66832375332968
72.0,3176.458676283095,2025.0,2026.0,12.0,<600,15882.293381415473,399.5025154937547,10.66832375332968
72.0,2328.5352710529874,2025.0,2027.0,24.0,<600,11088.263195490417,399.5025154937547,10.66832375332968
72.0,1384.731262104379,2025.0,2028.0,36.0,<600,6294.23300956536,399.5025154937547,10.66832375332968
72.0,345.04664943727033,2025.0,2029.0,48.0,<600,1500.2028236403057,399.5025154937547,10.66832375332968
72.0,0.0,2025.0,2030.0,60.0,<600,0.0,399.5025154937547,10.66832375332968
72.0,0.0,2025.0,2031.0,72.0,<600,0.0,399.5025154937547,10.66832375332968
72.0,0.0,2025.0,2032.0,84.0,<600,0.0,399.5025154937547,10.66832375332968
48.0,0.09437240628016741,2025.0,2025.0,0.0,660+,23229.970792095795,437.7644867616978,11.32213360840689
48.0,3595.3593901910845,2025.0,2026.0,12.0,660+,17976.79695095542,437.7644867616978,11.32213360840689
48.0,2671.96085306116,2025.0,2027.0,24.0,660+,12723.623109815047,437.7644867616978,11.32213360840689
48.0,1643.4988391084285,2025.0,2028.0,36.0,660+,7470.449268674674,437.7644867616978,11.32213360840689
48.0,0.0,2025.0,2029.0,48.0,660+,0.0,437.7644867616978,11.32213360840689
48.0,0.0,2025.0,2030.0,60.0,660+,0.0,437.7644867616978,11.32213360840689
48.0,0.0,2025.0,2031.0,72.0,660+,0.0,437.7644867616978,11.32213360840689
48.0,0.0,2025.0,2032.0,84.0,660+,0.0,437.7644867616978,11.32213360840689
72.0,0.017359566281556306,2025.0,2025.0,0.0,<600,38856.43848912063,731.7686234624816,12.857106098294679
72.0,6015.04300151417,2025.0,2026.0,12.0,<600,30075.21500757085,731.7686234624816,12.857106098294679
72.0,4471.738220464425,2025.0,2027.0,24.0,<600,21293.99152602107,731.7686234624816,12.857106098294679
72.0,2752.8089697836836,2025.0,2028.0,36.0,<600,12512.76804447129,731.7686234624816,12.857106098294679
72.0,858.2552494719473,2025.0,2029.0,48.0,<600,3731.54456292151,731.7686234624816,12.857106098294679
72.0,0.0,2025.0,2030.0,60.0,<600,0.0,731.7686234624816,12.857106098294679
72.0,0.0,2025.0,2031.0,72.0,<600,0.0,731.7686234624816,12.857106098294679
72.0,0.0,2025.0,2032.0,84.0,<600,0.0,731.7686234624816,12.857106098294679
75.0,0.06873479938719314,2025.0,2025.0,0.0,660+,20955.717220516784,390.8079771308013,21.30885900422652
75.0,3253.204298989434,2025.0,2026.0,12.0,660+,16266.021494947168,390.8079771308013,21.30885900422652
75.0,2431.0284115692857,2025.0,2027.0,24.0,660+,11576.325769377552,390.8079771308013,21.30885900422652
75.0,1515.0586096377463,2025.0,2028.0,36.0,660+,6886.630043807938,390.8079771308013,21.30885900422652
75.0,505.2948931948136,2025.0,2029.0,48.0,660+,2196.93431823832,390.8079771308013,21.30885900422652
75.0,0.0,2025.0,2030.0,60.0,660+,0.0,390.8079771308013,21.30885900422652
75.0,0.0,2025.0,2031.0,72.0,660+,0.0,390.8079771308013,21.30885900422652
75.0,0.0,2025.0,2032.0,84.0,660+,0.0,390.8079771308013,21.30885900422652
75.0,0.03984604536203711,2025.0,2025.0,0.0,660+,23326.238417506313,430.81583126037833,21.3636424620369
75.0,3631.289688476354,2025.0,2026.0,12.0,660+,18156.44844238177,430.81583126037833,21.3636424620369
75.0,2727.1982781240185,2025.0,2027.0,24.0,660+,12986.658467257232,430.81583126037833,21.3636424620369
75.0,1719.7110682691925,2025.0,2028.0,36.0,660+,7816.868492132693,430.81583126037833,21.3636424620369
75.0,608.8280589118747,2025.0,2029.0,48.0,660+,2647.078517008151,430.81583126037833,21.3636424620369
75.0,0.0,2025.0,2030.0,60.0,660+,0.0,430.81583126037833,21.3636424620369
75.0,0.0,2025.0,2031.0,72.0,660+,0.0,430.81583126037833,21.3636424620369
75.0,0.0,2025.0,2032.0,84.0,660+,0.0,430.81583126037833,21.3636424620369
75.0,0.03169375810440755,2025.0,2025.0,0.0,<600,18919.65170674992,389.0116651881145,10.932421252633
75.0,2850.3023448985095,2025.0,2026.0,12.0,<600,14251.511724492546,389.0116651881145,10.932421252633
75.0,2012.5080658693857,2025.0,2027.0,24.0,<600,9583.371742235171,389.0116651881145,10.932421252633
75.0,1081.3509871951155,2025.0,2028.0,36.0,<600,4915.231759977798,389.0116651881145,10.932421252633
75.0,56.83110887569732,2025.0,2029.0,48.0,<600,247.09177772042312,389.0116651881145,10.932421252633
75.0,0.0,2025.0,2030.0,60.0,<600,0.0,389.0116651881145,10.932421252633
75.0,0.0,2025.0,2031.0,72.0,<600,0.0,389.0116651881145,10.932421252633
75.0,0.0,2025.0,2032.0,84.0,<600,0.0,389.0116651881145,10.932421252633
75.0,0.0036282558617515837,2025.0,2025.0,0.0,660+,21893.928397926105,389.90413415599016,10.68654376954747
75.0,3443.015757610845,2025.0,2026.0,12.0,660+,17215.078788054223,389.90413415599016,10.68654376954747
75.0,2632.6081274182916,2025.0,2027.0,24.0,660+,12536.22917818234,389.90413415599016,10.68654376954747
75.0,1728.6235050283012,2025.0,2028.0,36.0,660+,7857.37956831046,389.90413415599016,10.68654376954747
75.0,731.0618904408724,2025.0,2029.0,48.0,660+,3178.5299584385757,389.90413415599016,10.68654376954747
75.0,0.0,2025.0,2030.0,60.0,660+,0.0,389.90413415599016,10.68654376954747
75.0,0.0,2025.0,2031.0,72.0,660+,0.0,389.90413415599016,10.68654376954747
75.0,0.0,2025.0,2032.0,84.0,660+,0.0,389.90413415599016,10.68654376954747
75.0,0.016372743073928154,2025.0,2025.0,0.0,601-660,29084.607602706557,615.6091329583168,11.84659962821189
75.0,4339.459601441352,2025.0,2026.0,12.0,601-660,21697.29800720676,615.6091329583168,11.84659962821189
75.0,3005.0975664584607,2025.0,2027.0,24.0,601-660,14309.988411706956,615.6091329583168,11.84659962821189
75.0,1522.9893395655738,2025.0,2028.0,36.0,601-660,6922.678816207153,615.6091329583168,11.84659962821189
75.0,0.0,2025.0,2029.0,48.0,601-660,0.0,615.6091329583168,11.84659962821189
75.0,0.0,2025.0,2030.0,60.0,601-660,0.0,615.6091329583168,11.84659962821189
75.0,0.0,2025.0,2031.0,72.0,601-660,0.0,615.6091329583168,11.84659962821189
75.0,0.0,2025.0,2032.0,84.0,601-660,0.0,615.6091329583168,11.84659962821189
72.0,0.08979213228061134,2025.0,2025.0,0.0,<600,18597.7825329877,387.53985697914254,10.847851578518
72.0,2789.460849847598,2025.0,2026.0,12.0,<600,13947.30424923799,387.53985697914254,10.847851578518
72.0,1952.3334527525387,2025.0,2027.0,24.0,<600,9296.82596548828,387.53985697914254,10.847851578518
72.0,1022.1964899824856,2025.0,2028.0,36.0,<600,4646.347681738571,387.53985697914254,10.847851578518
72.0,0.0,2025.0,2029.0,48.0,<600,0.0,387.53985697914254,10.847851578518
72.0,0.0,2025.0,2030.0,60.0,<600,0.0,387.53985697914254,10.847851578518
72.0,0.0,2025.0,2031.0,72.0,<600,0.0,387.53985697914254,10.847851578518
72.0,0.0,2025.0,2032.0,84.0,<600,0.0,387.53985697914254,10.847851578518
75.0,0.07909951341988727,2025.0,2025.0,0.0,<600,17278.189228462878,371.0741325573808,10.69511118701211
75.0,2565.0599275548616,2025.0,2026.0,12.0,<600,12825.299637774307,371.0741325573808,10.69511118701211
75.0,1758.2061098880051,2025.0,2027.0,24.0,<600,8372.41004708574,371.0741325573808,10.69511118701211
75.0,862.2945004073772,2025.0,2028.0,36.0,<600,3919.5204563971693,371.0741325573808,10.69511118701211
75.0,0.0,2025.0,2029.0,48.0,<600,0.0,371.0741325573808,10.69511118701211
75.0,0.0,2025.0,2030.0,60.0,<600,0.0,371.0741325573808,10.69511118701211
75.0,0.0,2025.0,2031.0,72.0,<600,0.0,371.0741325573808,10.69511118701211
75.0,0.0,2025.0,2032.0,84.0,<600,0.0,371.0741325573808,10.69511118701211
72.0,0.02608057687099116,2025.0,2025.0,0.0,601-660,17184.676680822256,320.57965035380937,7.25992836578474
72.0,2667.544175315309,2025.0,2026.0,12.0,601-660,13337.720876576544,320.57965035380937,7.25992836578474
72.0,1993.0606651894748,2025.0,2027.0,24.0,601-660,9490.765072330832,320.57965035380937,7.25992836578474
72.0,1241.6380389787262,2025.0,2028.0,36.0,601-660,5643.809268085119,320.57965035380937,7.25992836578474
72.0,413.27629668306355,2025.0,2029.0,48.0,601-660,1796.8534638394067,320.57965035380937,7.25992836578474
72.0,0.0,2025.0,2030.0,60.0,601-660,0.0,320.57965035380937,7.25992836578474
72.0,0.0,2025.0,2031.0,72.0,601-660,0.0,320.57965035380937,7.25992836578474
72.0,0.0,2025.0,2032.0,84.0,601-660,0.0,320.57965035380937,7.25992836578474
75.0,0.052436103880430164,2025.0,2025.0,0.0,<600,37794.28402018475,771.9912451132543,27.20071357905222
75.0,5706.07781576514,2025.0,2026.0,12.0,<600,28530.389078825698,771.9912451132543,27.20071357905222
75.0,4045.9637688679954,2025.0,2027.0,24.0,<600,19266.494137466645,771.9912451132543,27.20071357905222
75.0,2200.5718231436713,2025.0,2028.0,36.0,<600,10002.599196107596,771.9912451132543,27.20071357905222
75.0,169.90197859216417,2025.0,2029.0,48.0,<600,738.7042547485398,771.9912451132543,27.20071357905222
75.0,0.0,2025.0,2030.0,60.0,<600,0.0,771.9912451132543,27.20071357905222
75.0,0.0,2025.0,2031.0,72.0,<600,0.0,771.9912451132543,27.20071357905222
75.0,0.0,2025.0,2032.0,84.0,<600,0.0,771.9912451132543,27.20071357905222
72.0,0.05722370608295773,2025.0,2025.0,0.0,<600,15668.071990796325,316.6692047209072,12.216944736285711
72.0,2373.6083068290877,2025.0,2026.0,12.0,<600,11868.041534145439,316.6692047209072,12.216944736285711
72.0,1694.2823262738557,2025.0,2027.0,24.0,<600,8068.0110774945515,316.6692047209072,12.216944736285711
72.0,938.9557365856065,2025.0,2028.0,36.0,<600,4267.980620843666,316.6692047209072,12.216944736285711
72.0,107.62853776433899,2025.0,2029.0,48.0,<600,467.9501641927782,316.6692047209072,12.216944736285711
72.0,0.0,2025.0,2030.0,60.0,<600,0.0,316.6692047209072,12.216944736285711
72.0,0.0,2025.0,2031.0,72.0,<600,0.0,316.6692047209072,12.216944736285711
72.0,0.0,2025.0,2032.0,84.0,<600,0.0,316.6692047209072,12.216944736285711
72.0,0.09611781907506828,2025.0,2025.0,0.0,601-660,36721.740630534514,650.6151219517873,10.77949741576191
72.0,5782.871833422614,2025.0,2026.0,12.0,601-660,28914.359167113067,650.6151219517873,10.77949741576191
72.0,4432.46531777524,2025.0,2027.0,24.0,601-660,21106.97770369162,650.6151219517873,10.77949741576191
72.0,2925.911172859438,2025.0,2028.0,36.0,601-660,13299.596240270173,650.6151219517873,10.77949741576191
72.0,1263.2093986752072,2025.0,2029.0,48.0,601-660,5492.214776848727,650.6151219517873,10.77949741576191
72.0,0.0,2025.0,2030.0,60.0,601-660,0.0,650.6151219517873,10.77949741576191
72.0,0.0,2025.0,2031.0,72.0,601-660,0.0,650.6151219517873,10.77949741576191
72.0,0.0,2025.0,2032.0,84.0,601-660,0.0,650.6151219517873,10.77949741576191
72.0,0.08259119067631607,2025.0,2025.0,0.0,601-660,23208.54866757134,538.8256930588158,10.76757334054934
72.0,3348.52807017311,2025.0,2026.0,12.0,601-660,16742.64035086555,538.8256930588158,10.76757334054934
72.0,2158.11372717355,2025.0,2027.0,24.0,601-660,10276.732034159762,538.8256930588158,10.76757334054934
72.0,838.3812178398738,2025.0,2028.0,36.0,601-660,3810.8237174539718,538.8256930588158,10.76757334054934
72.0,0.0,2025.0,2029.0,48.0,601-660,0.0,538.8256930588158,10.76757334054934
72.0,0.0,2025.0,2030.0,60.0,601-660,0.0,538.8256930588158,10.76757334054934
72.0,0.0,2025.0,2031.0,72.0,601-660,0.0,538.8256930588158,10.76757334054934
72.0,0.0,2025.0,2032.0,84.0,601-660,0.0,538.8256930588158,10.76757334054934
75.0,0.0024960694396373275,2025.0,2025.0,0.0,660+,20897.37372762083,408.62972956293066,10.38498776026106
75.0,3198.7633945731322,2025.0,2026.0,12.0,660+,15993.816972865661,408.62972956293066,10.38498776026106
75.0,2328.9546458032037,2025.0,2027.0,24.0,660+,11090.260218110494,408.62972956293066,10.38498776026106
75.0,1361.0747619381718,2025.0,2028.0,36.0,660+,6186.703463355327,408.62972956293066,10.38498776026106
75.0,295.12374297803626,2025.0,2029.0,48.0,660+,1283.1467086001576,408.62972956293066,10.38498776026106
75.0,0.0,2025.0,2030.0,60.0,660+,0.0,408.62972956293066,10.38498776026106
75.0,0.0,2025.0,2031.0,72.0,660+,0.0,408.62972956293066,10.38498776026106
75.0,0.0,2025.0,2032.0,84.0,660+,0.0,408.62972956293066,10.38498776026106
72.0,0.03252242775336367,2025.0,2025.0,0.0,601-660,35058.33437414339,673.367168894176,11.71259307235324
72.0,5395.585669482657,2025.0,2026.0,12.0,601-660,26977.928347413283,673.367168894176,11.71259307235324
72.0,3968.4796873434652,2025.0,2027.0,24.0,601-660,18897.52232068317,673.367168894176,11.71259307235324
72.0,2379.765584669673,2025.0,2028.0,36.0,601-660,10817.116293953059,673.367168894176,11.71259307235324
72.0,629.4433614612774,2025.0,2029.0,48.0,601-660,2736.710267222945,673.367168894176,11.71259307235324
72.0,0.0,2025.0,2030.0,60.0,601-660,0.0,673.367168894176,11.71259307235324
72.0,0.0,2025.0,2031.0,72.0,601-660,0.0,673.367168894176,11.71259307235324
72.0,0.0,2025.0,2032.0,84.0,601-660,0.0,673.367168894176,11.71259307235324
72.0,0.004945659104111555,2025.0,2025.0,0.0,660+,22674.84003587506,417.4113585655728,11.59175389536661
72.0,3533.180746617637,2025.0,2026.0,12.0,660+,17665.903733088184,417.4113585655728,11.59175389536661
72.0,2657.963160363275,2025.0,2027.0,24.0,660+,12656.96743030131,417.4113585655728,11.59175389536661
72.0,1682.5668480531763,2025.0,2028.0,36.0,660+,7648.031127514438,417.4113585655728,11.59175389536661
72.0,606.9918096873395,2025.0,2029.0,48.0,660+,2639.094824727563,417.4113585655728,11.59175389536661
72.0,0.0,2025.0,2030.0,60.0,660+,0.0,417.4113585655728,11.59175389536661
72.0,0.0,2025.0,2031.0,72.0,660+,0.0,417.4113585655728,11.59175389536661
72.0,0.0,2025.0,2032.0,84.0,660+,0.0,417.4113585655728,11.59175389536661
72.0,0.00784054790296066,2025.0,2025.0,0.0,<600,18633.733294461468,392.31806510709225,11.07061902181893
72.0,2785.1833026352724,2025.0,2026.0,12.0,<600,13925.916513176362,392.31806510709225,11.07061902181893
72.0,1935.8009436971633,2025.0,2027.0,24.0,<600,9218.099731891254,392.31806510709225,11.07061902181893
72.0,992.2622491333522,2025.0,2028.0,36.0,<600,4510.282950606146,392.31806510709225,11.07061902181893
72.0,0.0,2025.0,2029.0,48.0,<600,0.0,392.31806510709225,11.07061902181893
72.0,0.0,2025.0,2030.0,60.0,<600,0.0,392.31806510709225,11.07061902181893
72.0,0.0,2025.0,2031.0,72.0,<600,0.0,392.31806510709225,11.07061902181893
72.0,0.0,2025.0,2032.0,84.0,<600,0.0,392.31806510709225,11.07061902181893
75.0,0.01512132098423773,2025.0,2025.0,0.0,601-660,23575.780485091294,460.65764838191853,17.8127090423181
75.0,3609.577740901655,2025.0,2026.0,12.0,601-660,18047.888704508274,460.65764838191853,17.8127090423181
75.0,2629.1993540243025,2025.0,2027.0,24.0,601-660,12519.99692392525,460.65764838191853,17.8127090423181
75.0,1538.2631315352896,2025.0,2028.0,36.0,601-660,6992.105143342225,460.65764838191853,17.8127090423181
75.0,336.7690734346171,2025.0,2029.0,48.0,601-660,1464.2133627592048,460.65764838191853,17.8127090423181
75.0,0.0,2025.0,2030.0,60.0,601-660,0.0,460.65764838191853,17.8127090423181
75.0,0.0,2025.0,2031.0,72.0,601-660,0.0,460.65764838191853,17.8127090423181
75.0,0.0,2025.0,2032.0,84.0,601-660,0.0,460.65764838191853,17.8127090423181
72.0,0.028975999114643415,2025.0,2025.0,0.0,660+,37619.40745858459,559.1620452738732,12.711006789931458
72.0,6181.892583059623,2025.0,2026.0,12.0,660+,30909.46291529811,559.1620452738732,12.711006789931458
72.0,5081.898858122443,2025.0,2027.0,24.0,660+,24199.518372011633,559.1620452738732,12.711006789931458
72.0,3847.7062423195334,2025.0,2028.0,36.0,660+,17489.57382872515,559.1620452738732,12.711006789931458
72.0,2479.3147356508953,2025.0,2029.0,48.0,660+,10779.629285438674,559.1620452738732,12.711006789931458
72.0,976.7243381165271,2025.0,2030.0,60.0,660+,4069.684742152196,559.1620452738732,12.711006789931458
72.0,0.0,2025.0,2031.0,72.0,660+,0.0,559.1620452738732,12.711006789931458
72.0,0.0,2025.0,2032.0,84.0,660+,0.0,559.1620452738732,12.711006789931458
72.0,0.000995104258574553,2025.0,2025.0,0.0,601-660,18350.52305078487,350.76180136931987,8.87781708042761
72.0,2828.2762868706063,2025.0,2026.0,12.0,601-660,14141.38143435303,350.76180136931987,8.87781708042761
72.0,2085.77036176345,2025.0,2027.0,24.0,601-660,9932.239817921192,350.76180136931987,8.87781708042761
72.0,1259.0816043276575,2025.0,2028.0,36.0,601-660,5723.0982014893525,350.76180136931987,8.87781708042761
72.0,348.21001456322875,2025.0,2029.0,48.0,601-660,1513.9565850575163,350.76180136931987,8.87781708042761
72.0,0.0,2025.0,2030.0,60.0,601-660,0.0,350.76180136931987,8.87781708042761
72.0,0.0,2025.0,2031.0,72.0,601-660,0.0,350.76180136931987,8.87781708042761
72.0,0.0,2025.0,2032.0,84.0,601-660,0.0,350.76180136931987,8.87781708042761
72.0,0.05626688610293393,2025.0,2025.0,0.0,660+,21936.030744199925,438.4237240943205,10.94548604426693
72.0,3334.9892110136157,2025.0,2026.0,12.0,660+,16674.946055068078,438.4237240943205,10.94548604426693
72.0,2396.9108868466087,2025.0,2027.0,24.0,660+,11413.861365936233,438.4237240943205,10.94548604426693
72.0,1353.6108688969653,2025.0,2028.0,36.0,660+,6152.7766768043875,438.4237240943205,10.94548604426693
72.0,205.08915716468434,2025.0,2029.0,48.0,660+,891.6919876725406,438.4237240943205,10.94548604426693
72.0,0.0,2025.0,2030.0,60.0,660+,0.0,438.4237240943205,10.94548604426693
72.0,0.0,2025.0,2031.0,72.0,660+,0.0,438.4237240943205,10.94548604426693
72.0,0.0,2025.0,2032.0,84.0,660+,0.0,438.4237240943205,10.94548604426693
75.0,0.04853938129935444,2025.0,2025.0,0.0,601-660,20595.42315103755,402.5218254946049,7.7392653724035005
75.0,3153.0322490204585,2025.0,2026.0,12.0,601-660,15765.161245102292,402.5218254946049,7.7392653724035005
75.0,2296.3288612250767,2025.0,2027.0,24.0,601-660,10934.899339167032,402.5218254946049,7.7392653724035005
75.0,1343.0202353109903,2025.0,2028.0,36.0,601-660,6104.637433231774,402.5218254946049,7.7392653724035005
75.0,293.10637127819814,2025.0,2029.0,48.0,601-660,1274.3755272965136,402.5218254946049,7.7392653724035005
75.0,0.0,2025.0,2030.0,60.0,601-660,0.0,402.5218254946049,7.7392653724035005
75.0,0.0,2025.0,2031.0,72.0,601-660,0.0,402.5218254946049,7.7392653724035005
75.0,0.0,2025.0,2032.0,84.0,601-660,0.0,402.5218254946049,7.7392653724035005
72.0,0.09412278334299504,2025.0,2025.0,0.0,601-660,33964.393062658564,740.3045774906,18.21183160544078
72.0,5016.147626554273,2025.0,2026.0,12.0,601-660,25080.738132771367,740.3045774906,18.21183160544078
72.0,3401.3874726056747,2025.0,2027.0,24.0,601-660,16197.083202884165,740.3045774906,18.21183160544078
72.0,1608.954220059332,2025.0,2028.0,36.0,601-660,7313.428272996964,740.3045774906,18.21183160544078
72.0,0.0,2025.0,2029.0,48.0,601-660,0.0,740.3045774906,18.21183160544078
72.0,0.0,2025.0,2030.0,60.0,601-660,0.0,740.3045774906,18.21183160544078
72.0,0.0,2025.0,2031.0,72.0,601-660,0.0,740.3045774906,18.21183160544078
72.0,0.0,2025.0,2032.0,84.0,601-660,0.0,740.3045774906,18.21183160544078
72.0,0.031374475357711006,2025.0,2025.0,0.0,<600,21230.769000646156,406.79138472161225,9.75578094159181
72.0,3269.8544767973617,2025.0,2026.0,12.0,<600,16349.272383986809,406.79138472161225,9.75578094159181
72.0,2408.232911138767,2025.0,2027.0,24.0,<600,11467.775767327463,406.79138472161225,9.75578094159181
72.0,1448.9814131469852,2025.0,2028.0,36.0,<600,6586.279150668115,406.79138472161225,9.75578094159181
72.0,392.09998282201695,2025.0,2029.0,48.0,<600,1704.7825340087693,406.79138472161225,9.75578094159181
72.0,0.0,2025.0,2030.0,60.0,<600,0.0,406.79138472161225,9.75578094159181
72.0,0.0,2025.0,2031.0,72.0,<600,0.0,406.79138472161225,9.75578094159181
72.0,0.0,2025.0,2032.0,84.0,<600,0.0,406.79138472161225,9.75578094159181
72.0,0.07501314246027312,2025.0,2025.0,0.0,660+,21091.21209400173,399.6699906367509,11.587929569574811
72.0,3259.0344412721442,2025.0,2026.0,12.0,660+,16295.17220636072,399.6699906367509,11.587929569574811
72.0,2414.817786931139,2025.0,2027.0,24.0,660+,11499.132318719709,399.6699906367509,11.587929569574811
72.0,1474.6803348373135,2025.0,2028.0,36.0,660+,6703.092431078698,399.6699906367509,11.587929569574811
72.0,438.622084990668,2025.0,2029.0,48.0,660+,1907.0525434376868,399.6699906367509,11.587929569574811
72.0,0.0,2025.0,2030.0,60.0,660+,0.0,399.6699906367509,11.587929569574811
72.0,0.0,2025.0,2031.0,72.0,660+,0.0,399.6699906367509,11.587929569574811
72.0,0.0,2025.0,2032.0,84.0,660+,0.0,399.6699906367509,11.587929569574811
48.0,0.03485344311487243,2025.0,2025.0,0.0,<600,21977.65391510652,452.6803394881889,11.84100633573762
48.0,3309.0979682496504,2025.0,2026.0,12.0,<600,16545.48984124825,452.6803394881889,11.84100633573762
48.0,2333.798411151897,2025.0,2027.0,24.0,<600,11113.325767389986,452.6803394881889,11.84100633573762
48.0,1249.855572576978,2025.0,2028.0,36.0,<600,5681.161693531718,452.6803394881889,11.84100633573762
48.0,0.0,2025.0,2029.0,48.0,<600,0.0,452.6803394881889,11.84100633573762
48.0,0.0,2025.0,2030.0,60.0,<600,0.0,452.6803394881889,11.84100633573762
48.0,0.0,2025.0,2031.0,72.0,<600,0.0,452.6803394881889,11.84100633573762
48.0,0.0,2025.0,2032.0,84.0,<600,0.0,452.6803394881889,11.84100633573762
72.0,0.01652723166362835,2025.0,2025.0,0.0,601-660,19745.407572096883,387.2688665956724,7.901252555706121
72.0,3019.6362345897633,2025.0,2026.0,12.0,601-660,15098.181172948814,387.2688665956724,7.901252555706121
72.0,2194.7005024981568,2025.0,2027.0,24.0,601-660,10450.954773800746,387.2688665956724,7.901252555706121
72.0,1276.8202424235885,2025.0,2028.0,36.0,601-660,5803.7283746526755,387.2688665956724,7.901252555706121
72.0,265.99545436606,2025.0,2029.0,48.0,601-660,1156.5019755046087,387.2688665956724,7.901252555706121
72.0,0.0,2025.0,2030.0,60.0,601-660,0.0,387.2688665956724,7.901252555706121
72.0,0.0,2025.0,2031.0,72.0,601-660,0.0,387.2688665956724,7.901252555706121
72.0,0.0,2025.0,2032.0,84.0,601-660,0.0,387.2688665956724,7.901252555706121
75.0,0.07344798261336986,2025.0,2025.0,0.0,660+,15250.8251691104,325.9409901054962,22.6445649188453
75.0,2267.9066575688894,2025.0,2026.0,12.0,660+,11339.533287844446,325.9409901054962,22.6445649188453
75.0,1559.930695381483,2025.0,2027.0,24.0,660+,7428.241406578491,325.9409901054962,22.6445649188453
75.0,773.7288955687582,2025.0,2028.0,36.0,660+,3516.949525312537,325.9409901054962,22.6445649188453
75.0,0.0,2025.0,2029.0,48.0,660+,0.0,325.9409901054962,22.6445649188453
75.0,0.0,2025.0,2030.0,60.0,660+,0.0,325.9409901054962,22.6445649188453
75.0,0.0,2025.0,2031.0,72.0,660+,0.0,325.9409901054962,22.6445649188453
75.0,0.0,2025.0,2032.0,84.0,660+,0.0,325.9409901054962,22.6445649188453
75.0,0.0752822304412542,2025.0,2025.0,0.0,<600,18659.465382688555,383.9411088155852,20.08718571163205
75.0,2810.4344153803067,2025.0,2026.0,12.0,<600,14052.172076901534,383.9411088155852,20.08718571163205
75.0,1983.424541934047,2025.0,2027.0,24.0,<600,9444.87877111451,383.9411088155852,20.08718571163205
75.0,1064.2688023720473,2025.0,2028.0,36.0,<600,4837.585465327487,383.9411088155852,20.08718571163205
75.0,52.96719669430717,2025.0,2029.0,48.0,<600,230.29215954046595,383.9411088155852,20.08718571163205
75.0,0.0,2025.0,2030.0,60.0,<600,0.0,383.9411088155852,20.08718571163205
75.0,0.0,2025.0,2031.0,72.0,<600,0.0,383.9411088155852,20.08718571163205
75.0,0.0,2025.0,2032.0,84.0,<600,0.0,383.9411088155852,20.08718571163205
48.0,0.08593949808225929,2025.0,2025.0,0.0,<600,22716.79576819734,436.7440355521252,25.33069551460057
48.0,3495.1734683143677,2025.0,2026.0,12.0,<600,17475.867341571837,436.7440355521252,25.33069551460057
48.0,2569.3371721387302,2025.0,2027.0,24.0,<600,12234.938914946335,436.7440355521252,25.33069551460057
48.0,1538.682307430583,2025.0,2028.0,36.0,<600,6994.010488320831,436.7440355521252,25.33069551460057
48.0,0.0,2025.0,2029.0,48.0,<600,0.0,436.7440355521252,25.33069551460057
48.0,0.0,2025.0,2030.0,60.0,<600,0.0,436.7440355521252,25.33069551460057
48.0,0.0,2025.0,2031.0,72.0,<600,0.0,436.7440355521252,25.33069551460057
48.0,0.0,2025.0,2032.0,84.0,<600,0.0,436.7440355521252,25.33069551460057
72.0,0.025426416825887335,2025.0,2025.0,0.0,660+,22286.800434622783,423.3830916618162,12.207997305284799
72.0,3441.2406669361976,2025.0,2026.0,12.0,660+,17206.203334680988,423.3830916618162,12.207997305284799
72.0,2546.3773092952306,2025.0,2027.0,24.0,660+,12125.606234739194,423.3830916618162,12.207997305284799
72.0,1549.902009655428,2025.0,2028.0,36.0,660+,7045.009134797399,423.3830916618162,12.207997305284799
72.0,451.81476801678946,2025.0,2029.0,48.0,660+,1964.4120348556062,423.3830916618162,12.207997305284799
72.0,0.0,2025.0,2030.0,60.0,660+,0.0,423.3830916618162,12.207997305284799
72.0,0.0,2025.0,2031.0,72.0,660+,0.0,423.3830916618162,12.207997305284799
72.0,0.0,2025.0,2032.0,84.0,660+,0.0,423.3830916618162,12.207997305284799
75.0,0.020608435569284347,2025.0,2025.0,0.0,601-660,22267.273765532085,439.4718015555854,13.969447467522981
75.0,3398.7224293730123,2025.0,2026.0,12.0,601-660,16993.61214686506,439.4718015555854,13.969447467522981
75.0,2461.1896109215877,2025.0,2027.0,24.0,601-660,11719.950528198036,439.4718015555854,13.969447467522981
75.0,1418.1835600968225,2025.0,2028.0,36.0,601-660,6446.288909531011,439.4718015555854,13.969447467522981
75.0,269.7042768987172,2025.0,2029.0,48.0,601-660,1172.6272908639876,439.4718015555854,13.969447467522981
75.0,0.0,2025.0,2030.0,60.0,601-660,0.0,439.4718015555854,13.969447467522981
75.0,0.0,2025.0,2031.0,72.0,601-660,0.0,439.4718015555854,13.969447467522981
75.0,0.0,2025.0,2032.0,84.0,601-660,0.0,439.4718015555854,13.969447467522981
72.0,0.008393011534079009,2025.0,2025.0,0.0,601-660,22609.240944563673,414.0391849812087,13.19571513734953
72.0,3528.1541449578335,2025.0,2026.0,12.0,601-660,17640.770724789167,414.0391849812087,13.19571513734953
72.0,2661.1831060530794,2025.0,2027.0,24.0,601-660,12672.300505014664,414.0391849812087,13.19571513734953
72.0,1694.8426627528354,2025.0,2028.0,36.0,601-660,7703.830285240161,414.0391849812087,13.19571513734953
72.0,629.1328150571006,2025.0,2029.0,48.0,601-660,2735.3600654656548,414.0391849812087,13.19571513734953
72.0,0.0,2025.0,2030.0,60.0,601-660,0.0,414.0391849812087,13.19571513734953
72.0,0.0,2025.0,2031.0,72.0,601-660,0.0,414.0391849812087,13.19571513734953
72.0,0.0,2025.0,2032.0,84.0,601-660,0.0,414.0391849812087,13.19571513734953
75.0,0.0011701986585851865,2025.0,2025.0,0.0,601-660,18372.08152751792,334.014044881965,8.14360662542013
75.0,2872.782597786868,2025.0,2026.0,12.0,601-660,14363.912988934339,334.014044881965,8.14360662542013
75.0,2174.706334573659,2025.0,2027.0,24.0,601-660,10355.74445035076,334.014044881965,8.14360662542013
75.0,1396.4667005887798,2025.0,2028.0,36.0,601-660,6347.5759117671805,334.014044881965,8.14360662542013
75.0,538.063695832228,2025.0,2029.0,48.0,601-660,2339.4073731835997,334.014044881965,8.14360662542013
75.0,0.0,2025.0,2030.0,60.0,601-660,0.0,334.014044881965,8.14360662542013
75.0,0.0,2025.0,2031.0,72.0,601-660,0.0,334.014044881965,8.14360662542013
75.0,0.0,2025.0,2032.0,84.0,601-660,0.0,334.014044881965,8.14360662542013
75.0,0.09644820489083089,2025.0,2025.0,0.0,601-660,20276.955954716053,406.6978118149489,7.181108010905179
75.0,3079.3164425873333,2025.0,2026.0,12.0,601-660,15396.582212936666,406.6978118149489,7.181108010905179
75.0,2208.4037789430286,2025.0,2027.0,24.0,601-660,10516.208471157279,406.6978118149489,7.181108010905179
75.0,1239.883640463136,2025.0,2028.0,36.0,601-660,5635.834729377892,406.6978118149489,7.181108010905179
75.0,173.756027147656,2025.0,2029.0,48.0,601-660,755.4609875985043,406.6978118149489,7.181108010905179
75.0,0.0,2025.0,2030.0,60.0,601-660,0.0,406.6978118149489,7.181108010905179
75.0,0.0,2025.0,2031.0,72.0,601-660,0.0,406.6978118149489,7.181108010905179
75.0,0.0,2025.0,2032.0,84.0,601-660,0.0,406.6978118149489,7.181108010905179
69.0,0.09750089822448198,2025.0,2025.0,0.0,660+,29427.18176830636,439.2007065800374,20.099052370486632
69.0,4831.354657869182,2025.0,2026.0,12.0,660+,24156.77328934591,439.2007065800374,20.099052370486632
69.0,3966.1366101809476,2025.0,2027.0,24.0,660+,18886.364810385465,439.2007065800374,20.099052370486632
69.0,2995.5103929135034,2025.0,2028.0,36.0,660+,13615.956331425015,439.2007065800374,20.099052370486632
69.0,1919.4760060668502,2025.0,2029.0,48.0,660+,8345.547852464566,439.2007065800374,20.099052370486632
69.0,738.0334496409879,2025.0,2030.0,60.0,660+,3075.1393735041165,439.2007065800374,20.099052370486632
69.0,0.0,2025.0,2031.0,72.0,660+,0.0,439.2007065800374,20.099052370486632
69.0,0.0,2025.0,2032.0,84.0,660+,0.0,439.2007065800374,20.099052370486632
72.0,0.019050501343425397,2025.0,2025.0,0.0,601-660,15204.454505575231,314.18778505727096,10.80889298515371
72.0,2286.840216977596,2025.0,2026.0,12.0,601-660,11434.20108488798,314.18778505727096,10.80889298515371
72.0,1609.4290094821529,2025.0,2027.0,24.0,601-660,7663.9476642007285,314.18778505727096,10.80889298515371
72.0,856.6127335729649,2025.0,2028.0,36.0,601-660,3893.694243513477,314.18778505727096,10.80889298515371
72.0,28.391389250031864,2025.0,2029.0,48.0,601-660,123.44082282622549,314.18778505727096,10.80889298515371
72.0,0.0,2025.0,2030.0,60.0,601-660,0.0,314.18778505727096,10.80889298515371
72.0,0.0,2025.0,2031.0,72.0,601-660,0.0,314.18778505727096,10.80889298515371
72.0,0.0,2025.0,2032.0,84.0,601-660,0.0,314.18778505727096,10.80889298515371
72.0,0.03922431361015269,2025.0,2025.0,0.0,601-660,17369.82706979806,349.0023011020662,12.55249403999961
72.0,2636.359891314653,2025.0,2026.0,12.0,601-660,13181.799456573264,349.0023011020662,12.55249403999961
72.0,1888.6920871031787,2025.0,2027.0,24.0,601-660,8993.77184334847,349.0023011020662,12.55249403999961
72.0,1057.2637306272086,2025.0,2028.0,36.0,601-660,4805.744230123675,349.0023011020662,12.55249403999961
72.0,142.07482188674254,2025.0,2029.0,48.0,601-660,617.7166168988806,349.0023011020662,12.55249403999961
72.0,0.0,2025.0,2030.0,60.0,601-660,0.0,349.0023011020662,12.55249403999961
72.0,0.0,2025.0,2031.0,72.0,601-660,0.0,349.0023011020662,12.55249403999961
72.0,0.0,2025.0,2032.0,84.0,601-660,0.0,349.0023011020662,12.55249403999961
72.0,0.056552812096471165,2025.0,2025.0,0.0,<600,22292.00076612257,424.1614463847847,11.07818062330885
72.0,3440.4126819010316,2025.0,2026.0,12.0,<600,17202.063409505157,424.1614463847847,11.07818062330885
72.0,2543.546471106425,2025.0,2027.0,24.0,<600,12112.12605288774,424.1614463847847,11.07818062330885
72.0,1544.881513179471,2025.0,2028.0,36.0,<600,7022.188696270323,424.1614463847847,11.07818062330885
72.0,444.41780812016856,2025.0,2029.0,48.0,<600,1932.2513396529066,424.1614463847847,11.07818062330885
72.0,0.0,2025.0,2030.0,60.0,<600,0.0,424.1614463847847,11.07818062330885
72.0,0.0,2025.0,2031.0,72.0,<600,0.0,424.1614463847847,11.07818062330885
72.0,0.0,2025.0,2032.0,84.0,<600,0.0,424.1614463847847,11.07818062330885
48.0,0.010680629887897843,2025.0,2025.0,0.0,601-660,14315.56605412697,288.02404156818096,12.743239937447079
48.0,2171.85551106176,2025.0,2026.0,12.0,601-660,10859.2775553088,288.02404156818096,12.743239937447079
48.0,1554.6277018630317,2025.0,2027.0,24.0,601-660,7402.989056490627,288.02404156818096,12.743239937447079
48.0,868.2741226879401,2025.0,2028.0,36.0,601-660,3946.700557672455,288.02404156818096,12.743239937447079
48.0,0.0,2025.0,2029.0,48.0,601-660,0.0,288.02404156818096,12.743239937447079
48.0,0.0,2025.0,2030.0,60.0,601-660,0.0,288.02404156818096,12.743239937447079
48.0,0.0,2025.0,2031.0,72.0,601-660,0.0,288.02404156818096,12.743239937447079
48.0,0.0,2025.0,2032.0,84.0,601-660,0.0,288.02404156818096,12.743239937447079
75.0,0.030217435831429884,2025.0,2025.0,0.0,601-660,23009.51484480203,463.5579766392259,12.05728661957925
75.0,3489.363825026264,2025.0,2026.0,12.0,601-660,17446.81912513132,463.5579766392259,12.05728661957925
75.0,2495.6659151467275,2025.0,2027.0,24.0,601-660,11884.123405460608,463.5579766392259,12.05728661957925
75.0,1390.7140908737776,2025.0,2028.0,36.0,601-660,6321.4276857898985,463.5579766392259,12.05728661957925
75.0,174.50835220741297,2025.0,2029.0,48.0,601-660,758.7319661191868,463.5579766392259,12.05728661957925
75.0,0.0,2025.0,2030.0,60.0,601-660,0.0,463.5579766392259,12.05728661957925
75.0,0.0,2025.0,2031.0,72.0,601-660,0.0,463.5579766392259,12.05728661957925
75.0,0.0,2025.0,2032.0,84.0,601-660,0.0,463.5579766392259,12.05728661957925
45.0,0.05387390841740195,2025.0,2025.0,0.0,<600,17126.88181415196,303.8396856391579,10.07391370676919
45.0,2696.161117296413,2025.0,2026.0,12.0,<600,13480.805586482064,303.8396856391579,10.07391370676919
45.0,2065.2931653505552,2025.0,2027.0,24.0,<600,9834.729358812168,303.8396856391579,10.07391370676919
45.0,1361.5036888513005,2025.0,2028.0,36.0,<600,6188.653131142275,303.8396856391579,10.07391370676919
45.0,0.0,2025.0,2029.0,48.0,<600,0.0,303.8396856391579,10.07391370676919
45.0,0.0,2025.0,2030.0,60.0,<600,0.0,303.8396856391579,10.07391370676919
45.0,0.0,2025.0,2031.0,72.0,<600,0.0,303.8396856391579,10.07391370676919
45.0,0.0,2025.0,2032.0,84.0,<600,0.0,303.8396856391579,10.07391370676919
72.0,0.07376832467060994,2025.0,2025.0,0.0,660+,27673.066404800385,512.8581541948034,10.59893392438913
72.0,4303.753710892549,2025.0,2026.0,12.0,660+,21518.768554462746,512.8581541948034,10.59893392438913
72.0,3226.538847866271,2025.0,2027.0,24.0,660+,15364.470704125102,512.8581541948034,10.59893392438913
72.0,2026.2380278332416,2025.0,2028.0,36.0,660+,9210.172853787462,512.8581541948034,10.59893392438913
72.0,702.8512507934583,2025.0,2029.0,48.0,660+,3055.875003449819,512.8581541948034,10.59893392438913
72.0,0.0,2025.0,2030.0,60.0,660+,0.0,512.8581541948034,10.59893392438913
72.0,0.0,2025.0,2031.0,72.0,660+,0.0,512.8581541948034,10.59893392438913
72.0,0.0,2025.0,2032.0,84.0,660+,0.0,512.8581541948034,10.59893392438913
72.0,0.01977851593203569,2025.0,2025.0,0.0,601-660,19856.841570114113,401.59427378563373,12.5564014067263
72.0,3007.542056937302,2025.0,2026.0,12.0,601-660,15037.71028468651,401.59427378563373,12.5564014067263
72.0,2145.9015898443695,2025.0,2027.0,24.0,601-660,10218.578999258903,401.59427378563373,12.5564014067263
72.0,1187.8784970428856,2025.0,2028.0,36.0,601-660,5399.447713831298,401.59427378563373,12.5564014067263
72.0,133.4727785328496,2025.0,2029.0,48.0,601-660,580.3164284036939,401.59427378563373,12.5564014067263
72.0,0.0,2025.0,2030.0,60.0,601-660,0.0,401.59427378563373,12.5564014067263
72.0,0.0,2025.0,2031.0,72.0,601-660,0.0,401.59427378563373,12.5564014067263
72.0,0.0,2025.0,2032.0,84.0,601-660,0.0,401.59427378563373,12.5564014067263
75.0,0.017481860133488836,2025.0,2025.0,0.0,601-660,22283.00727695524,399.4263784113026,11.00327127066188
75.0,3497.978147203922,2025.0,2026.0,12.0,601-660,17489.89073601961,399.4263784113026,11.00327127066188
75.0,2666.322580967635,2025.0,2027.0,24.0,601-660,12696.774195083977,399.4263784113026,11.00327127066188
75.0,1738.8046839126357,2025.0,2028.0,36.0,601-660,7903.657654148345,399.4263784113026,11.00327127066188
75.0,715.4244560389246,2025.0,2029.0,48.0,601-660,3110.5411132127156,399.4263784113026,11.00327127066188
75.0,0.0,2025.0,2030.0,60.0,601-660,0.0,399.4263784113026,11.00327127066188
75.0,0.0,2025.0,2031.0,72.0,601-660,0.0,399.4263784113026,11.00327127066188
75.0,0.0,2025.0,2032.0,84.0,601-660,0.0,399.4263784113026,11.00327127066188
75.0,0.04286658954884536,2025.0,2025.0,0.0,601-660,21790.096627194776,412.3946896154167,12.29236752779245
75.0,3368.272070361955,2025.0,2026.0,12.0,601-660,16841.360351809773,412.3946896154167,12.29236752779245
75.0,2497.4510560492026,2025.0,2027.0,24.0,601-660,11892.624076424774,412.3946896154167,12.29236752779245
75.0,1527.6553162287505,2025.0,2028.0,36.0,601-660,6943.887801039775,412.3946896154167,12.29236752779245
75.0,458.88485090059754,2025.0,2029.0,48.0,601-660,1995.1515256547718,412.3946896154167,12.29236752779245
75.0,0.0,2025.0,2030.0,60.0,601-660,0.0,412.3946896154167,12.29236752779245
75.0,0.0,2025.0,2031.0,72.0,601-660,0.0,412.3946896154167,12.29236752779245
75.0,0.0,2025.0,2032.0,84.0,601-660,0.0,412.3946896154167,12.29236752779245
72.0,0.08978227272145717,2025.0,2025.0,0.0,601-660,19537.831843149837,382.18022476422016,12.903393074555769
72.0,2990.333829195839,2025.0,2026.0,12.0,601-660,14951.669145979195,382.18022476422016,12.903393074555769
72.0,2176.756354249796,2025.0,2027.0,24.0,601-660,10365.506448808554,382.18022476422016,12.903393074555769
72.0,1271.4556253603407,2025.0,2028.0,36.0,601-660,5779.343751637913,382.18022476422016,12.903393074555769
72.0,274.4316425274721,2025.0,2029.0,48.0,601-660,1193.1810544672699,382.18022476422016,12.903393074555769
72.0,0.0,2025.0,2030.0,60.0,601-660,0.0,382.18022476422016,12.903393074555769
72.0,0.0,2025.0,2031.0,72.0,601-660,0.0,382.18022476422016,12.903393074555769
72.0,0.0,2025.0,2032.0,84.0,601-660,0.0,382.18022476422016,12.903393074555769
75.0,0.02192435754383495,2025.0,2025.0,0.0,601-660,37940.09468170742,563.5715159260965,13.54701815194696
75.0,6235.447298118853,2025.0,2026.0,12.0,601-660,31177.236490594263,563.5715159260965,13.54701815194696
75.0,5127.019442891032,2025.0,2027.0,24.0,601-660,24414.378299481104,563.5715159260965,13.54701815194696
75.0,3883.334423840949,2025.0,2028.0,36.0,601-660,17651.52010836795,563.5715159260965,13.54701815194696
75.0,2504.392240968602,2025.0,2029.0,48.0,601-660,10888.66191725479,563.5715159260965,13.54701815194696
75.0,990.1928942739917,2025.0,2030.0,60.0,601-660,4125.803726141632,563.5715159260965,13.54701815194696
75.0,0.0,2025.0,2031.0,72.0,601-660,0.0,563.5715159260965,13.54701815194696
75.0,0.0,2025.0,2032.0,84.0,601-660,0.0,563.5715159260965,13.54701815194696
72.0,0.09977944017336945,2025.0,2025.0,0.0,601-660,37053.00174095626,656.9251243072005,14.826984350854442
72.0,5833.98004985397,2025.0,2026.0,12.0,601-660,29169.90024926985,656.9251243072005,14.826984350854442
72.0,4470.227739092523,2025.0,2027.0,24.0,601-660,21286.798757583445,656.9251243072005,14.826984350854442
72.0,2948.8133984973488,2025.0,2028.0,36.0,601-660,13403.69726589704,656.9251243072005,14.826984350854442
72.0,1269.7370280684456,2025.0,2029.0,48.0,601-660,5520.595774210633,656.9251243072005,14.826984350854442
72.0,0.0,2025.0,2030.0,60.0,601-660,0.0,656.9251243072005,14.826984350854442
72.0,0.0,2025.0,2031.0,72.0,601-660,0.0,656.9251243072005,14.826984350854442
72.0,0.0,2025.0,2032.0,84.0,601-660,0.0,656.9251243072005,14.826984350854442
72.0,0.08319819460314187,2025.0,2025.0,0.0,601-660,20657.99552197729,407.01797318531675,10.99192869644754
72.0,3154.755968750698,2025.0,2026.0,12.0,601-660,15773.779843753488,407.01797318531675,10.99192869644754
72.0,2286.8084747612343,2025.0,2027.0,24.0,601-660,10889.564165529688,407.01797318531675,10.99192869644754
72.0,1321.176667207295,2025.0,2028.0,36.0,601-660,6005.348487305886,407.01797318531675,10.99192869644754
72.0,257.86054608887986,2025.0,2029.0,48.0,601-660,1121.1328090820862,407.01797318531675,10.99192869644754
72.0,0.0,2025.0,2030.0,60.0,601-660,0.0,407.01797318531675,10.99192869644754
72.0,0.0,2025.0,2031.0,72.0,601-660,0.0,407.01797318531675,10.99192869644754
72.0,0.0,2025.0,2032.0,84.0,601-660,0.0,407.01797318531675,10.99192869644754
75.0,0.09371910324674171,2025.0,2025.0,0.0,601-660,22717.87866785548,439.23103209624986,6.75737837667721
75.0,3489.421256540096,2025.0,2026.0,12.0,601-660,17447.10628270048,439.23103209624986,6.75737837667721
75.0,2557.030118484551,2025.0,2027.0,24.0,601-660,12176.333897545483,439.23103209624986,6.75737837667721
75.0,1519.2235327259066,2025.0,2028.0,36.0,601-660,6905.5615123904845,439.23103209624986,6.75737837667721
75.0,376.0014992641619,2025.0,2029.0,48.0,601-660,1634.7891272354864,439.23103209624986,6.75737837667721
75.0,0.0,2025.0,2030.0,60.0,601-660,0.0,439.23103209624986,6.75737837667721
75.0,0.0,2025.0,2031.0,72.0,601-660,0.0,439.23103209624986,6.75737837667721
75.0,0.0,2025.0,2032.0,84.0,601-660,0.0,439.23103209624986,6.75737837667721
72.0,0.08045927305790329,2025.0,2025.0,0.0,<600,20826.781571726257,391.3764492507158,10.86972422687499
72.0,3226.0528361435336,2025.0,2026.0,12.0,<600,16130.264180717666,391.3764492507158,10.86972422687499
72.0,2401.086825838906,2025.0,2027.0,24.0,<600,11433.746789709077,391.3764492507158,10.86972422687499
72.0,1482.1904677141076,2025.0,2028.0,36.0,<600,6737.229398700489,391.3764492507158,10.86972422687499
72.0,469.3637617691366,2025.0,2029.0,48.0,<600,2040.7120076918982,391.3764492507158,10.86972422687499
72.0,0.0,2025.0,2030.0,60.0,<600,0.0,391.3764492507158,10.86972422687499
72.0,0.0,2025.0,2031.0,72.0,<600,0.0,391.3764492507158,10.86972422687499
72.0,0.0,2025.0,2032.0,84.0,<600,0.0,391.3764492507158,10.86972422687499
