MORTGAGE_TRDLN_TOTAL,RECENT_OPEN_ACCT_TRDLN_OPEN_TOTAL,TERM_OF_LOAN,ALL_TRDLN_TAGGED_TOTAL,DEROG_TRDLN_TOTAL,INQUIRY_CNT_TOTAL,CREDIT_SCORE_AVG_CALC,FE_RESIDENCE_TOTAL_MONTHS,ALL_CREDIT_HISTORY_MONTHS_TOTAL,CASH_DOWN_CONTRACT,RECENT_OPEN_ACCT_CUR_BAL_OPEN_TOTAL,COLLECTIONS_CUR_BAL_TOTAL,CREDIT_CARD_AVAILABLE_TOTAL,REVOLVING_AVAILABLE_TAGGED_TOTAL,CREDIT_CARD_CREDIT_LIMIT_TOTAL,BANK_CARD_CREDIT_LIMIT_TOTAL,CREDIT_CARD_CUR_BAL_OPEN_TOTAL,INSTALLMENT_MO_PMT_TOTAL,REVOLVING_CUR_BAL_TOTAL,FE_DEBT_TO_INCOME,AUTO_ORIG_BAL_PAID_TOTAL,VEHICLE_MILEAGE,AUTO_ORIG_BAL_MAX_TOTAL,INSTALLMENT_CUR_BAL_TOTAL,PAYMENT_AMOUNT,FE_LTV_BACK,AUTO_PTI_TOTAL,OPB,LTV_FRONT,INQUIRY_RECENT_CNT_TOTAL,DEALER_RESERVE,AUTO_CREDIT_HISTORY_MONTHS_MAX_TOTAL,FE_TOTAL_INCOME,DEROG_CUR_BAL_TOTAL
0,0,68,2,1,11,330,4,27,0,0,0,-1699.10458132636,-2061.90456185863,0,0,142.95875751511,0,0,0,0,1221.16861685109,3815.46343754463,436.824670589129,393.055401569871,0.0465617915488989,0.0771463150093178,15723.7178636054,1.07922154777761,3,-1,18,1670.52163881083,0
0,0,55,4,2,15,308,18,58,0,0,0,-4808.5299419233,-2601.35099043378,112.109752748547,0,142.95875751511,308.895013281923,0,0,0,1211.3991427217,5154.88699573296,1032.77732648179,258.399588515469,0.027329328567702,0.0407548747971605,8834.72998440455,0.745993657979463,2,1,2,3046.09521393808,0
0,0,57,2,2,1,395,4,27,0,0,0,-6105.99292852197,9.46405948069605,86.8515388038159,0,142.95875751511,544.812447227074,0,0,0,1221.38486253297,7406.52990108163,4119.02136493937,271.833592464805,0.0211950117017132,0.0879469596926662,13962.4382853649,1.13487679542603,3,0,8,2231.67031225354,0
0,0,65,6,2,5,456,11,37,0,0,0,361.409097088286,-1116.05187576536,280.062731224649,0,142.95875751511,836.150438385843,0,0,0,1210.27998739069,4398.11084957926,2388.04910209359,362.118736832636,0.034647753281542,0.0956192823201409,18750.9559500948,0.805797518987326,7,0,9,1424.06616463917,0
0,0,74,2,2,13,603,9,61,0,0,0,1764.27838173191,-2716,0,0,142.95875751511,41.5167794133579,0,0,0,1231.83888772738,10828.6390391347,4965.01128046484,316.650626405039,0.0209030088098302,0.0821043814533161,10000.5993752488,1.07197103327872,7,1,21,3173.81814571827,0
0,0,66,5,2,6,615,12,41,0,0,0,-4558.71940040859,-112.252438065868,0,0,142.95875751511,481.593223315466,0,0,0,1214.42332227215,3314.94356617087,1853.24056739952,404.151300173604,0.0222091133172331,0.0397228370905241,9791.63507997808,0.788316019473875,4,-1,21,1915.26716120593,0
0,0,71,4,0,11,597,10,23,0,0,0,1415.61458766223,-479.59462535517,142.76454072365,0,142.95875751511,597.903438540793,0,0,0,1233.73446832547,3605.24441722941,1880.00313820067,252.263932517324,0.0251481009498734,0.0911785450553427,8850.08366913044,0.763996896463143,1,1,6,3226.19128227838,0
0,0,60,3,2,2,303,7,51,0,0,0,427.296254284267,-544.632357135655,274.867140597737,0,142.95875751511,502.059339672671,0,0,0,1242.44502825127,243.25392997617,2531.41003541855,373.756274833201,0.0172179062041294,0.101162591546984,12703.0240653748,1.07299058570829,3,0,14,2690.03175133534,0
0,0,68,3,1,6,528,16,42,0,0,0,-6839.7789353652,-806.889251634934,0,0,142.95875751511,0,0,0,0,1218.32788970845,7276.68377520095,3453.15846052487,163.977620921207,0.0273257526329783,0.0983188008026152,20832.5240801988,0.940000804840338,3,1,18,1747.22127150748,0
0,0,61,5,1,5,607,9,57,0,0,0,-6686.05315814191,-2716,0,0,142.95875751511,341.429950700827,0,0,0,1227.54116595506,8164.44828752584,5415.52994379343,334.496358612832,0.0332780909600576,0.0533351073737425,19620.6671623315,0.717942665366632,6,0,17,3373.77072739426,0
0,0,61,2,2,8,457,9,26,0,0,0,-6643.34229296567,-56.5395824252821,0,142.95223917572,142.95875751511,770.02954073628,0,0,0,1222.38088179797,4042.25981234328,965.276039233926,279.913826767539,0.0152406476743626,0.0375265592319722,10841.1962011732,1.00793605151982,3,0,16,1147.77565551584,0
0,0,66,5,2,1,398,18,35,0,0,0,1078.39869948443,143.321124301024,0,0,142.95875751511,0,0,0,0,1231.37866047894,7087.71038954804,2503.49206538243,304.865268704778,0.0294178324998398,0.0975790617830244,11338.0216058302,1.13018486442955,3,1,3,2279.10728090303,0
0,0,67,4,1,8,499,5,40,0,0,0,1349.46511598353,-747.565719583486,0,0,142.95875751511,625.748158863622,0,0,0,1228.19599721065,1628.53069207069,2201.47440719801,200.744371359174,0.0161197853394879,0.0697501480207458,8794.68915033615,1.05309227641279,3,0,20,2347.78697977761,0
0,0,62,3,2,3,529,8,16,0,0,0,1532.93657336106,-1604.77877873251,0,113.612564029765,142.95875751511,140.033465807028,0,0,0,1209.41583213711,8832.62940756035,3029.63169627276,199.300813306022,0.0343960881410112,0.067519993802592,13990.0581090638,1.03317509777681,4,-1,2,2219.99318124821,0
0,0,73,3,2,16,512,16,38,0,0,0,-5247.07692666158,-1076.83849387775,127.406374174901,0,142.95875751511,237.759684059371,0,0,0,1225.49781529669,7712.84708593789,1028.42969105097,202.663074240461,0.041025040826714,0.0584203351894787,11054.6087136123,0.901822278031466,7,1,10,2321.56583362255,0
0,0,61,3,1,15,401,5,52,0,0,0,1628.68228224901,-2384.94136790937,0,0,142.95875751511,965.607509883564,0,0,0,1225.04425219727,5277.20909650241,5521.41662972108,327.6536658761,0.0465559168920325,0.0905483282675438,17113.2559486583,1.09401150855972,4,1,10,2884.54304805358,0
0,0,61,2,1,8,621,22,35,0,0,0,-770.965949330267,-998.51087729635,90.0312953734574,0,142.95875751511,132.348156104351,0,0,0,1228.27603471402,10089.9206799244,4345.70790023502,262.246760300955,0.0372532456247514,0.102898026311212,20194.1422539909,1.03774909271193,3,0,6,1534.11216386402,0
0,0,73,3,1,7,300,17,63,0,0,0,-1094.91180502831,-575.250499113925,0,0,142.95875751511,0,0,0,0,1232.70080351751,10034.1926642472,4746.35350982044,403.45767862784,0.0264382099003629,0.0746520417247467,21128.5006472476,1.11952916572948,6,2,20,1221.05962805365,0
0,0,74,4,2,13,470,12,21,0,0,0,1136.12150517828,236.997603302096,318.706568935471,0,142.95875751511,983.371995071115,0,0,0,1237.48981308117,4024.97227189572,2837.71034426063,256.709615089096,0.0248764681889272,0.0442708059196222,15278.1946078018,0.951631407937483,2,1,7,2898.10815644784,0
0,0,74,4,0,13,557,7,66,0,0,0,-5477.17280246179,-2716,47.8851520988137,0,142.95875751511,829.637742922613,0,0,0,1240.27140287736,10874.2698333351,5537.71598876265,255.585251871893,0.0413718035258359,0.0969380677410788,11714.1187679193,1.0494248922484,6,0,16,1285.74866758207,0
0,0,64,1,0,15,482,20,27,0,0,0,-4436.97000436859,-2413.29418369122,201.170632467176,0,142.95875751511,151.231619941643,0,0,0,1232.00002170587,7370.83684805594,2109.56974172843,336.065270385879,0.0489562685343307,0.0431772848121683,14002.3479176745,1.11772380141433,2,0,19,1936.35020209735,0
0,0,62,5,1,7,397,14,63,0,0,0,-1290.46358110692,268.307922904973,0,44.1735786652971,142.95875751511,94.4550955648335,0,0,0,1224.88484737171,3454.92321180859,6190.08974153181,282.738380025306,0.0324583707595879,0.102996795869809,18526.3106673325,0.971942870897186,6,0,7,3168.36724600208,0
0,0,63,1,1,11,380,13,48,0,0,0,-1922.35193397283,-1311.08411248593,0,0,142.95875751511,528.698929023294,0,0,0,1239.9726315497,3214.92522479901,5886.00259182831,259.926210141627,0.0153395732085646,0.0727941839272879,11380.7746608908,0.816293673598641,4,1,6,3245.49936261561,0
0,0,63,2,1,15,495,21,28,0,0,0,599.823921941598,-2503.62282368509,0,103.048995852205,142.95875751511,274.132394469964,0,0,0,1237.03506364639,11451.9039179897,5965.21252338035,293.60795322262,0.0508634769196,0.0922225296475181,14158.0268807498,0.91752583043055,7,1,5,2258.47345767342,0
0,0,72,1,1,9,634,16,40,0,0,0,-7896.77133816475,-1505.11316508537,0,0,142.95875751511,403.241318703059,0,0,0,1235.05810612986,11247.4599753904,3572.67373033932,185.322404033927,0.0470485543732154,0.0982477116606385,19009.5007060998,1.06309776988988,6,1,3,2708.86788740476,0
0,0,74,4,2,2,528,7,43,0,0,0,-207.347157793033,-2716,0,0,142.95875751511,745.616477984532,0,0,0,1221.43141722559,6871.69042780147,1768.07767881155,221.140518833763,0.0392643792472623,0.0623277717736897,16043.9561200632,0.875001064803237,7,0,17,3247.29066209784,0
0,0,65,6,2,16,557,3,62,0,0,0,-6606.19415358985,-203.424478694581,0,118.887466661688,142.95875751511,724.935359165268,0,0,0,1233.1359196831,10122.4997471443,1103.43269367283,394.983822634912,0.0370359132636131,0.0894718611119089,19681.338920574,1.02450995961164,3,1,20,3063.20301780323,0
0,0,60,1,1,1,300,3,47,0,0,0,-2219.19897646904,-2114.58981663679,0,0,142.95875751511,893.287912907937,0,0,0,1236.96945146258,8670.91813064301,4863.90692175529,247.740170570351,0.0321433717166537,0.0525571828079316,9582.11169951249,0.852785871521847,3,1,11,1820.75376644288,0
0,0,56,2,1,14,506,15,31,0,0,0,-738.549131873129,-1659.64039538684,0,0,142.95875751511,0,0,0,0,1233.30206512419,1758.42828258209,2486.41507095377,290.8490105152,0.0291461139676599,0.0484134151809392,17433.8349330738,0.889456675223055,1,-1,2,1941.92827308451,0
0,0,71,4,1,15,604,9,22,0,0,0,-1537.65591995819,-31.7107275758367,238.952854157451,0,142.95875751511,80.6091174194823,0,0,0,1231.54204831709,2069.03390811031,4020.34392665824,273.72528504162,0.0497111485799545,0.080152669000126,21475.457774055,0.92384029541594,7,0,19,3046.5298255224,0
0,0,61,2,2,12,337,7,70,0,0,0,-6448.04379770456,-2716,0,0,142.95875751511,0,0,0,0,1204.70339130104,8165.09854184488,1390.36553563668,311.765948612174,0.0362385226471817,0.0527932263669598,10598.3958874929,1.01691363115799,5,1,1,3478.14337553773,0
0,0,74,8,3,23,637,39,89,287.57129639913,0,0,2021.42056027465,397.510854319196,692.733854767101,900.751138180496,519.373483635868,1067.83638658613,691.209556422948,0,844.054152929253,26423.4750152574,14750.8972499112,17740.8661454858,456.265196709616,0.0832537908230931,0.113259776035286,22362.9132963795,1.17464906838788,10,2,32,4721.67179343042,485.607207678304
0,0,75,6,5,24,638,29,73,0,0,0,2069.53337978597,404.595825158201,500.840500729502,2387.28905078466,169.786702561343,1169.92806356169,15.4806952280905,0,8341.1457366071,1352.1421704673,14031.4077921507,6904.18744771305,432.441076773094,0.0542614236422364,0.121817874323374,23598.6211467227,1.19785675067336,9,2,22,3951.80560946086,610.377479160929
0,0,75,8,4,18,639,40,72,484.577563825826,0,0,2085.00545897837,349.237497584875,3357.98827803503,1667.34523694947,528.817995709803,1039.03514915653,180.312282804412,342.335585934918,6158.33057059939,8091.99459999776,13743.5826254171,14191.7021842908,422.876168447318,0.0739290380602614,0.131621947186137,21910.3595554684,1.18458910432481,10,2,35,4281.0303748183,1001.82232515155
0,0,75,8,3,18,645,39,78,131.057420341608,0,0,2062.82274704645,545.652872147115,1788.78888361289,3778.77949545971,410.97257737235,1338.22986316056,671.250549650935,0,8787.1558653301,17626.3057591654,15365.7441783524,17164.9962510529,457.124880386096,0.129613045778617,0.107688824272014,22951.5021243548,1.17536497789151,8,2,27,3824.51588326065,0
0,0,75,9,4,17,636,30,111,457.274683923729,0,0,2083.73361300904,523.11314965018,2062.86820904624,465.351436907149,418.734987398381,1348.05065554399,0,0,6242.73561401354,24555.3268456557,13209.7068896517,7875.71033904433,477.87836612234,0.0594277324561472,0.125479096137927,21888.5276785663,1.17889388740013,9,2,33,4791.22807790176,1262.45644686984
0,0,75,8,5,18,644,24,84,0,0,0,2075.92956135953,597.457367244815,3434.6205966951,1363.09068346732,637.678190947707,1121.99928207021,0,418.05803107638,9642.29382127156,19014.9434793809,18431.3856236527,17156.5225435943,424.740692759614,0.0921956347809113,0.124197013887978,25161.6364205752,1.17167676969772,9,2,40,4585.95330358871,1619.49106178145
0,0,74,7,5,18,639,31,110,536.240807855213,0,17.4760841528086,2038.55706061938,470.468825979926,3174.40758931389,2151.53506421492,739.168707021948,1384.35432920792,0,182.194675261105,10425.004316123,20531.2603038096,14406.2269210731,19342.9583395574,459.578200690266,0.0576589637226446,0.119495536528005,21984.5527001977,1.1610631028591,9,2,28,3666.46725665965,1157.07868960951
0,0,75,6,4,22,642,42,102,285.837037922193,0,0,2014.64102699025,609.514001421791,1008.8898592069,3657.75638102087,530.607180738678,1245.39096960647,0,93.2443653712985,9444.92848372235,10278.3460963002,17382.5038306972,16291.836919674,470.512096918435,0.120826819852362,0.109152417503784,21994.6208939001,1.18954458708764,8,2,39,3755.68259832515,1569.55725636416
0,0,75,6,4,16,639,29,83,0,0,0,2083.61975967303,542.03567558479,3336.78681415242,473.368365814016,760.6624523194,1055.21009875735,748.026750894856,327.429591503861,2557.95518049183,7077.85975191051,19651.4227756125,6742.74539426443,438.168785375555,0.0617433664780078,0.107472729555454,23385.9982761808,1.18659423931162,9,2,35,4295.29181218873,1419.16183919061
0,0,75,8,3,21,643,30,79,57.5416748307309,0,0,2064.10967787274,536.559166181673,3235.70848653964,629.803051383749,755.451112610496,1222.73566873598,78.6301411709501,66.8516999611853,2758.77488286223,2377.17564468817,13008.9548739644,18639.3222487732,476.211934113416,0.12938736707751,0.110049497539718,25638.0576601671,1.16574510435761,10,2,41,3741.32200497386,0
0,0,75,8,4,21,646,26,73,146.110386305954,0,0,2065.51464599193,429.166081722243,2859.63988019322,2575.50903279032,499.57031058844,1146.53499477742,149.093114053565,253.406619537683,9561.7522405001,2608.94061493589,15646.223430493,16932.0455885754,480.237657549588,0.0713723558485193,0.131859246259312,23407.2506021603,1.18537863971089,9,2,28,3942.9147459042,0
0,0,75,6,3,23,636,39,84,281.195022499761,0,0,2037.52582326262,362.404755731078,1698.7218276543,2542.40697304667,772.180844058558,1034.83843843433,0,397.51711407176,6110.8894277752,9351.99077900432,19352.1012606984,16921.4293193274,478.698136042918,0.089524751836899,0.110641783921287,22673.924748881,1.19079505254152,10,2,31,4778.71587919633,919.863155877504
0,0,75,9,3,20,639,37,89,0,0,0,2071.57736195305,317.20166469159,795.573220402295,2361.24811318378,685.066190668715,1130.11427500559,0,257.443863206531,8635.65181173362,22660.8661072391,13257.9034428496,12406.106898783,471.481007554973,0.0771556527717072,0.122106557493986,22621.4457052834,1.19610071011171,8,2,32,3787.34379931083,1259.71200854061
0,0,75,6,5,22,638,25,88,462.086137058426,0,23.8396549996203,2034.03033352095,437.902330423378,994.87232036792,2451.35807367559,195.791679817315,1173.29658291508,0,0,13013.3684539589,11268.1359373283,17898.5106022094,6612.63212973101,427.446128256175,0.0727176439620911,0.123571667917263,21742.4387781516,1.16169537867058,8,2,37,3975.59946499686,1129.27673851446
0,0,75,7,5,23,641,34,113,0,0,0,2079.57883732028,477.724863876618,2424.09060782827,3909.5633947114,224.787267945239,1249.43097905932,0,405.312516063007,5570.32202354452,14259.6274379075,17417.7776683171,16634.2281785941,423.179283596388,0.0885526990520841,0.113216747597445,23372.7563225437,1.19006995264907,10,2,37,4052.5234912025,84.7080324197641
0,0,75,8,3,17,638,41,83,456.415369795109,0,0,2023.87398692056,562.625607737273,3474.56942393363,1321.57067092554,347.691130587797,1380.70839469962,444.056868360034,287.990126890082,7037.88364509589,20771.0156050423,17411.8408019148,10376.5400061293,439.336317613472,0.0863217725562233,0.120601729124615,22172.8708331323,1.17425890248872,9,2,34,4151.62125636344,1151.58514869495
0,0,75,6,4,17,644,43,100,199.041339097653,0,25.2923056786794,2073.07234841943,327.112065965771,2964.8524099075,2772.77397964168,339.454391425753,1366.97606329419,350.577195827469,326.067566826117,7901.56661651499,28050.8196466399,16630.4786680238,9182.2329850787,461.899862500416,0.0708331126312895,0.126841151544507,24582.9420702095,1.16220986849026,8,2,29,4270.65342780794,842.231883927343
0,0,75,9,5,18,646,29,81,154.706550535446,0,0,2038.98229419731,490.595011791352,2545.89234731038,2085.7440192528,179.659679734342,1147.27012713417,0,410.758871720261,1060.27761264421,7596.30768777703,15810.8159940619,13266.1575295412,470.367111862218,0.0999310320902321,0.127457742918355,25023.7955115634,1.18794937527343,10,2,33,3731.9602179329,0
0,0,75,9,5,21,637,37,90,0,0,15.7508208075033,2040.90924912178,517.502868791068,2269.22377900308,1425.46038618267,591.93815821701,1111.20491311669,687.11329756102,303.140954710631,1943.17505802121,8845.55844213513,17096.2450830065,9027.63676621042,451.90634470673,0.130558133599062,0.121531828815117,22844.5540763103,1.19168221150393,10,2,25,4724.0822271243,425.436243216829
0,0,75,7,4,17,640,42,110,9.43399785197857,0,0,2049.90469900159,513.370353724337,405.328500652307,1352.01351458595,433.94495608122,1147.43634701828,0,327.727879214637,4589.86322365042,23401.3421401744,17734.5955031516,14448.4964313197,456.535177729837,0.0600855106806855,0.132371478501608,22393.7316947126,1.18361096328564,8,2,41,4672.1722032377,720.068200601469
0,0,75,7,3,20,639,25,80,0,0,21.1859248552601,2037.96729586833,329.844943433299,3566.85636736668,2284.61069888929,707.936199573238,1330.88657928993,435.105501399728,202.409490826608,8057.01798330863,15589.996181436,18223.6517294837,16520.9959231176,477.51341941248,0.075700889600356,0.109251949448661,21651.1514680884,1.16341742802266,8,2,30,3999.21136568478,1207.802625958
0,0,75,8,3,19,647,43,106,527.798764745875,0,0,2070.51891775146,401.336633229573,450.596722045175,3691.84583670052,398.909228142949,1176.62787511203,0,120.47555003487,6393.19479108031,6908.45666103631,15090.0814467283,18972.7411886341,427.764315890062,0.0946477906690542,0.110343952423057,24842.8270811719,1.17952609387415,8,2,26,4763.07693794441,0
0,0,75,6,5,20,641,26,92,201.084721780128,0,2.77678203854089,2064.5099949769,577.488323015515,2179.36501196272,1905.64396334447,614.281634274118,1230.1220293549,0,112.460944631796,7626.71436336114,5293.74946746648,18866.6306538238,10080.7432353186,419.449947028852,0.128505787122579,0.11634243295922,25567.9666826685,1.17616575940763,9,2,25,4055.52497627954,1358.75354913612
0,0,75,9,3,17,636,32,97,268.773708090611,0,28.4562732781965,2054.08542623234,358.689485213284,3603.30246303288,2699.21586475514,268.530241626802,1035.44153850858,0,71.6302564177791,2235.66231489687,4461.46925169209,13044.8620915012,16804.4503015419,432.077950726483,0.0983169842831813,0.122206878971882,24323.0187718302,1.1772054588421,8,2,26,4385.99094902602,1417.73771467434
0,0,75,9,8,31,653,63,168,1488.09046920089,0,524.477554671399,2265.91340547441,2130.16835325365,8769.98811707085,12604.1318753462,3058.41230898106,1946.05225904784,1792.94136023021,811.762893741647,16471.8117248495,48382.9872164723,21369.4716165724,28181.5902855043,499.827229605803,0.133476138202198,0.152218562145857,28186.8796965065,1.20026623149618,12,2,60,4868.29798545743,6526.5167703404
1,0,75,15,11,40,658,52,121,1028.32353804394,0,168.385786409698,2310.22170816867,1697.49710217701,12996.5932691713,15288.6250165695,2797.83747124477,1477.84328614729,2982.74549533123,483.950353311069,16346.1651458243,52508.6597113056,26636.4756834466,41653.4746654965,496.063628197621,0.140796087884894,0.152047927858256,26766.8757004837,1.21047383250214,13,2,46,6065.45446436576,3185.69532835262
0,1,75,10,8,39,649,63,117,1634.97497418287,0,490.622384914435,2195.68194583023,2134.89394822985,5798.04836585581,5231.96232219349,2371.18112739652,1645.09796244226,1212.45233418243,643.896035772727,35724.0093502942,49876.9575668815,24731.0915983539,21594.8256451385,513.148197616594,0.17695716047138,0.159178081007304,29011.8092283141,1.20947115313192,10,2,43,6492.88748153271,3935.20251333419
1,0,75,12,8,30,662,52,149,890.365650744593,0,161.651098175392,2397.5258440295,1569.79093904594,6200.0445651003,5315.18630529471,1340.29385055299,1880.91279253398,5508.22760287547,700.370689853277,39151.7774441527,56019.2088487272,26692.5784579443,37526.9660464345,528.309628218445,0.144733555129576,0.163762696664991,28857.6203876611,1.20826090193823,12,2,57,6025.13823733333,5364.43798490956
1,1,75,14,9,38,652,84,153,769.228698497975,0,1236.50848904749,2579.75768479258,1481.57507689048,7148.63814217397,7991.07147691953,2748.46295374299,1525.18260507506,4155.18182994036,810.477787176825,20770.5680937387,42483.7161243646,23237.4390834686,27740.2899717494,509.401392691858,0.134769222525894,0.162582342015661,28884.0836561467,1.20946261966776,12,2,53,5020.9430021163,1982.7345360558
1,1,75,12,8,30,653,85,154,1876.62634258607,0,1214.37719175366,2581.33883128688,2000.00608432312,7499.50319139739,15353.6972366919,1192.33193887703,2069.06028612022,865.003675435428,507.26787509263,15345.0322117133,55316.0343490435,25801.6377167571,21888.2172310843,548.397132008657,0.14038195033279,0.168911164625168,26242.545026504,1.21209995960973,15,2,61,5014.83321943623,3431.70704609951
0,0,75,13,7,28,655,104,134,624.344225600933,0,910.731055157322,2551.60151945464,841.099433803113,7211.02764831576,4844.06136839071,1908.79725010929,1919.84440675013,5567.81533832124,818.004149471861,33168.2897184616,51725.6301231995,23495.6090758471,27826.6669884139,527.033891347138,0.170376500477563,0.134327645760853,28254.5816626321,1.20401154905993,12,2,59,5366.79074821821,6641.7062888155
1,0,75,15,6,30,650,103,133,1594.34944584348,0,539.535541090936,2302.54138304419,991.142379572865,12246.3445596881,7252.30595003066,2203.31225921669,1784.90156109,1890.25912401233,954.195374687118,31673.7713854616,51851.8949021242,23710.4742686408,36402.842814112,514.697084083068,0.166733641701296,0.163837824229322,27870.6441868077,1.20153507445034,14,2,46,5875.55604144403,5672.40759145632
0,0,75,10,7,35,662,67,144,674.60797509625,0,1045.29830755638,2387.3516546469,2124.2262291702,8996.71761975143,10502.8593061658,967.196530380053,1421.03438768671,843.198209394235,516.048174179605,33683.0930823548,39341.452243667,23007.0633965178,30726.5942399174,508.567253354726,0.139156964296839,0.164477921553072,26640.3346918912,1.20394906166599,13,2,54,5364.09422602682,3856.67420343352
0,0,75,11,6,32,653,107,138,1658.35242936661,0,603.207933372736,2430.31017721438,632.973763822903,9300.20293218526,15605.8094391772,2573.41705697649,1411.75356314371,1948.97678881086,920.583475042004,27800.0419550566,31427.0400127666,21955.0846865476,24791.9176491817,517.928498231818,0.177897436185289,0.156268190028068,27633.9835906402,1.20157735534887,15,2,60,6005.6377622972,6144.99894880198
0,0,75,14,10,35,651,75,135,1590.80636471151,0,38.8152037997052,2366.33529613234,1198.54688553555,11728.6491262712,10110.3060316026,1240.81972814822,1454.2056903407,2159.61617055056,523.898251945751,26157.4605383987,53940.6996597652,24707.1005336516,37262.8088477082,521.726661384807,0.189258325430175,0.144179265080689,26470.3972174274,1.21152507622626,14,2,47,6459.4978344434,4798.46887842891
1,1,75,14,8,29,654,51,143,1751.45927069637,0,650.313763569676,2201.03367096601,1392.25284968919,8503.30531159681,7766.81977027161,1881.25409531332,1620.79135683749,3793.05560382428,576.216750935578,37153.0886362488,47337.376230238,21032.0734152502,34979.6136906879,497.246306377444,0.191743364117954,0.160517255115919,28034.7361252241,1.21341419755459,15,2,66,5864.67848621537,3442.34108711932
0,1,75,11,7,32,650,91,171,1462.23992640701,0,1470.06377803078,2383.08410047849,1313.67920887746,4156.17511512023,12489.574703143,2130.50547077406,1938.25418876858,3113.7316629159,688.451755076925,35628.2901563961,53632.0508022896,24512.516329959,28008.1804504681,535.990462522741,0.135283513055291,0.158961630142104,28484.6958226047,1.19935683208011,13,2,50,5856.9357933724,2348.26204316648
0,1,75,14,6,28,654,103,146,1628.51599927677,0,389.603767894897,2563.50573171364,2065.71851158451,6495.70812677892,13432.3234615087,3046.83395298047,1949.43203565937,3444.48712648272,818.191944379705,38390.5341777238,55410.1851080319,21901.7296586885,30835.7846339396,530.346554045246,0.161663498581959,0.149730507998438,26036.5758115983,1.20018042337776,12,2,46,5134.43163702655,6674.74912981437
0,1,75,9,8,37,653,77,129,1880.61127930789,0,186.740177893113,2592.13659062167,2128.71689450547,6483.6793225375,14270.2958700316,3030.49296668027,1433.68426233839,1178.93894617182,534.963442543639,22508.0926908018,46945.2379811596,24701.9792859272,37152.0015635309,543.243377896164,0.196323601679628,0.153610045177789,29812.1210291586,1.21286745960102,11,2,65,5960.97044403509,1729.33656375012
0,0,75,13,9,34,662,79,153,1272.93880626048,0,336.841532210034,2240.7956327188,866.045971293439,8957.81146645585,15436.4584725204,1099.53562580907,1982.25507521288,2226.5513407407,449.389990835421,30995.510325453,34092.5834531896,23524.018082114,29574.2183153402,554.06249786464,0.133288401244694,0.141257376005698,28157.3907292559,1.20086083733478,13,2,43,5762.36921247396,7181.34925224338
0,0,75,10,11,26,652,96,144,1367.04185097743,0,878.344356086008,2627.9017285913,1281.30948099159,4690.24439855411,8612.24798664414,1655.01306033903,1990.68303995619,2454.55068854131,478.281068776744,15393.1401799268,41980.2462100924,23775.11803331,23905.5853370439,491.879679171396,0.187545695399186,0.137475986157919,27138.5154958378,1.21152196123818,13,2,54,5354.91897635087,1866.77339725076
0,1,75,15,6,37,652,58,127,1122.8022886314,0,973.438566470148,2572.35470255694,2033.31881389992,11622.2107057829,6808.82199423573,2650.63441375659,1654.09717732119,2459.48861713274,666.925017878097,34639.1351013129,45989.0909080862,21738.1884331103,19960.2129085042,554.39356306729,0.149142940571499,0.16553639767196,29066.0219948624,1.21198600006063,14,2,48,5847.7615453641,4081.77783989116
0,1,75,10,11,33,650,48,149,1157.83918286078,0,400.124746560936,2621.51029170845,1771.08897043859,5719.26001192536,5172.15553508784,2784.15603851364,1935.084076195,2477.7713021808,706.701602686544,39268.1842593872,37601.3267988428,23539.2456136409,27220.691859669,498.041264089888,0.19627186669891,0.13446970157898,28074.8213485178,1.20280853680992,13,2,58,6008.45941016363,1995.36295228594
1,0,75,14,7,38,649,77,126,579.265038302723,0,272.419187674472,2136.46952824362,1880.62695302121,7724.12255541029,9940.54230310965,847.789076066827,2076.06372064677,1412.79121927284,682.047369472891,15679.2059634483,51689.1295668609,25611.6504725293,37280.6969032235,483.248001351873,0.151990967325651,0.149770055451249,26331.8939211834,1.2046921308501,13,2,60,5214.19730079943,3538.57495545238
0,0,75,14,10,25,651,52,125,1873.66943555105,0,1056.89688110673,2414.39449045883,1424.61585778202,8863.07476814137,15432.4777381931,2434.77210962069,1653.91643973044,4206.33091744362,704.655213643099,27729.6354904263,51132.3493752709,23813.6806089158,27708.6259156566,511.08086246839,0.18240817865951,0.13575625500171,26704.8107165003,1.2117078460053,13,2,47,5673.21031104515,2411.72669285195
0,0,75,11,6,36,650,64,131,1147.37442256376,0,667.133235236424,2353.37530850299,1994.65262112708,10768.6362938523,13651.1397383612,904.904592948038,1809.44912478228,1703.94158169158,786.184530108246,24241.5606297562,34264.5064681176,20388.8985584945,30286.3557285788,552.145956325834,0.197678694477741,0.155911225714745,29727.1121616479,1.21292900390467,11,2,58,5251.82651709735,5821.9581538939
0,0,75,14,7,31,659,67,169,1608.78438700954,0,948.400006726582,2354.13682907188,857.844089521927,7363.56619371294,5864.2938751811,2659.96319977914,1789.26707658165,5207.20211169658,527.985638891863,27199.939984857,47971.2314052292,20803.8812518707,41628.2031684596,510.535365162748,0.196358049611394,0.146027717522342,26648.0372445676,1.20853700580749,13,2,46,5708.2598591879,4644.43255347099
0,1,75,12,7,36,656,45,137,646.990737579684,0,154.131565230041,2594.32778825158,842.871480291597,7816.21429557346,15073.3014364974,2259.96372321589,1427.96989839269,3838.16598878574,937.007949558373,32883.2733132215,49000.7893682689,23798.0817400244,35427.3045407079,506.906487036433,0.142626382624661,0.168144728172913,28743.7523887994,1.21147949461045,12,2,43,6470.42543493938,3000.95480812094
1,2,75,17,14,58,667,116,247,3760.26783945592,117.76880207236,2560.60908308423,3465.37806128118,5281.88787572465,23553.0836527763,32990.98678487,7396.14283690301,2557.50927596882,6934.60665751187,1381.80260597748,66927.7921256716,59380.543705111,36467.6024879773,87195.1620418561,558.184801902229,0.20551844675718,0.193119797970099,33380.9697143911,1.2197008996126,17,2,83,6970.13159660845,13932.843381319
1,1,75,15,15,56,671,110,181,4031.50835606069,1492.26242577597,3306.39641991661,4069.80096995631,5544.56431186323,15493.5786264542,16760.2508548415,3651.04207199471,2259.30224881267,9062.17832556966,1366.65413441906,76923.8005556588,70678.0457108595,32702.3111409363,69161.7583402292,577.377751022921,0.22941797029039,0.170964502546368,34025.8432396859,1.22678117367891,16,2,67,8029.76958733826,14398.7634954496
2,1,75,18,14,47,673,162,236,2811.997447435,1055.93098510413,2766.60805214893,3842.5761575171,2471.50590628273,25188.7322916522,30491.3864282903,4028.57425364323,2426.00519494923,16287.1844765829,1163.07020393317,45216.0016877377,63798.1081623643,30428.6175921663,58533.7287310616,589.130724855543,0.210357563535492,0.175176247481919,33136.6708200133,1.21507804005459,19,2,74,7588.53683458273,7261.62447811273
2,1,75,19,11,50,673,178,213,2756.12480212383,1221.58899363137,3158.89658195426,3252.03279898277,3963.79654115741,27144.2669406186,34005.1696424153,3642.29239852421,3169.47291547243,13690.8240318278,1009.63536576496,77082.0259486975,78628.7891310961,35958.7754965179,57590.5810967845,585.021851218232,0.224118134530453,0.185480445640866,32697.4170763988,1.22168862838664,18,2,70,7861.66707666812,18614.5091300261
2,2,75,21,13,43,667,111,203,2002.75130510989,1979.14244418324,1864.3942493885,3222.08298836998,6026.27061400597,24355.4575003642,33018.6505550215,7354.18366976929,2809.32113315259,19527.3545781109,1318.20267988794,61803.3623392859,74347.3552632981,30014.3079677911,61368.9570554575,555.906076269592,0.230060357641052,0.17080962067716,33968.9124874035,1.21724182899504,19,2,70,6646.73811266766,10663.5223312194
2,2,75,17,18,56,669,155,242,1989.25587013243,1497.79560746526,4699.78313857878,3192.38876714591,3864.36452997648,22405.0972596404,24104.1199010232,7457.91913220499,2910.58325196654,19077.6703832888,1121.67397956665,42030.0156076974,70932.5033245715,32089.6823210826,70748.2514524319,568.08548112979,0.227143895124125,0.175693562662041,32390.2262790455,1.22617326226218,16,2,84,8603.50701631468,16674.7342939362
1,2,75,20,17,47,677,138,225,3908.63520007262,920.271319541063,4284.41944784877,3961.03912305439,2942.61083531981,15862.1238809064,17244.2537346631,6839.04435222888,2189.64525678261,20341.6244237736,1355.91720742997,40344.217831525,72110.6549210179,31001.0472092513,63025.7535026021,566.295484181,0.209560583630231,0.178707556804271,33269.2952971759,1.22333921281632,20,2,75,7079.99508150407,16861.2108221777
2,2,75,18,16,46,670,207,238,2766.13415603181,1300.21757948701,4114.98230258707,3556.08577188345,3481.06714608886,20962.3636355561,37329.3176502492,5790.60005817598,3023.35747092085,7228.96679388364,1141.07323754327,52790.1932582737,79588.5189706563,28912.1530713841,53839.6751338281,576.300001628239,0.230114075474954,0.186818820065029,33008.5576659632,1.22610615287393,16,2,72,8053.5542009428,11056.1254090117
2,2,75,16,12,42,670,208,234,3336.11269050828,1996.23590274302,1603.56391110326,3467.05795935275,5005.99085590947,14606.0051743266,34574.9844217518,6919.7542078307,2182.43156876075,18046.0848502355,1307.90140814773,52693.0264109657,78439.4798020074,37089.2913254702,57188.1500748188,622.79328932833,0.22407490193384,0.169843765764446,32799.4958608048,1.22074884865609,18,2,84,7981.53439922509,8790.65937645887
2,1,75,17,14,46,677,185,213,2394.29816772353,1691.91101459335,3028.38719053656,3013.87031385076,3200.41533097243,18739.7571078777,37541.4390376913,3673.56233151624,3047.2077197617,15640.5297329839,1273.30842166458,72710.6334351509,64123.7219334254,36758.4425933635,77975.8876008086,568.591868297352,0.236215464588917,0.190591488994251,32113.7974482248,1.21734287079452,17,2,68,6726.01678146257,11977.1491451927
2,2,75,17,16,49,663,228,217,2622.75215041516,425.081589132521,3348.21699044141,3801.07376935177,5494.01030921224,15222.8312396991,34794.9265738696,4048.24829194885,2419.50054560148,11023.06500862,1295.40108856017,45730.9423866272,71189.7730871063,35282.947400463,94608.9340171493,606.923817006506,0.204877551599583,0.194025832121601,31570.8640969319,1.21395563944875,16,2,78,7955.28999885564,15541.1507239639
2,2,75,16,12,47,670,210,216,3302.26672523714,1182.33610300276,4162.99207838976,2717.74466138365,2642.51566577411,27878.6333307185,26368.5974503798,3634.00248934501,2370.34556069034,17518.9268563582,1041.61978694207,78281.5910250379,61361.4707285488,31484.7763257162,50679.0253581393,596.261763056982,0.221064720172164,0.17819065598466,32381.2992452094,1.2175859423177,17,2,76,7373.42726456541,11683.3265141778
2,2,75,20,17,57,671,210,220,3040.94844861373,1632.88640420936,2254.04602033971,2953.18736384784,2753.41165547063,15369.4499935189,33204.3912069346,4741.41871505858,2619.13024872551,21324.0724136895,1030.03801149064,65536.8833634188,67221.3986543794,36275.6593893433,67750.7942024206,607.121471782614,0.200645090214541,0.17064653770537,33880.5268440923,1.22283472959764,21,2,75,8592.46445906481,10477.0173666879
2,2,75,16,11,42,666,202,214,2655.40983987949,2236.58484701964,2253.03156649439,3437.10445488772,4959.73692830922,16922.8925454409,17650.9640268149,6507.09040671625,2648.76187597411,23920.3086231153,1005.12866762025,78686.9927719335,78498.2033079593,37306.5847607891,98349.1941117372,583.383371081127,0.232817887841582,0.180390837858921,30741.9378247285,1.2176285554977,20,2,84,8249.89282238355,8319.03925063096
2,3,75,24,20,73,684,268,264,4749.91767776335,10316.9578460083,7810.92025681804,4132.01666928214,9268.9345248757,34148.232029301,63838.5454644691,10514.6984097006,3713.42596147214,25061.220721067,1592.9464085366,100778.043771265,91606.4203019119,41273.5613291078,120116.440223871,654.594475397952,0.246209177088386,0.200667911815187,35369.4014531524,1.23058241383421,23,2,86,9530.26646471491,26947.6208412168
2,3,75,26,21,63,679,244,286,4902.32921259157,4059.09929489008,4959.30078983279,5552.17977793024,7353.2625076032,44777.2515817486,44079.0343856064,11558.5079250188,4169.48993466693,124297.220082814,1538.66245802562,102116.322724197,84303.6319961448,41737.5180141445,128776.114877224,665.469981624475,0.238028009192457,0.213894154880348,34413.0708673868,1.23129956268995,25,2,97,9232.7998739053,29841.4883143472
2,3,75,23,21,69,689,257,263,5249.74402279136,8699.60131128387,6145.06130470262,4655.23289815106,7234.32218335354,45097.5377381978,58328.5343009196,7719.73977306935,3990.09605948231,57473.0321513443,1443.24429472919,110567.803556457,84712.5914876259,37830.7839704973,138281.97325933,663.767563721891,0.252384075987054,0.214697829342648,34849.9380417611,1.23453469687575,22,2,98,9937.97167386998,19633.6032490404
2,2,75,26,19,72,681,281,263,4236.52748585661,3311.61517010734,6759.34226423788,5599.67914682828,8474.01735453594,43845.863201822,51641.8072458735,8662.33399270982,3330.65765286256,87740.5013164388,1570.74095703696,101922.401531389,85672.4738974422,38500.9266130811,119297.66782235,644.412739979342,0.251010631669986,0.207435396278884,35262.1840067583,1.23136952970123,22,2,85,9248.63162409996,28750.3715428768
3,4,75,28,32,76,696,325,382,9783.75690400029,51603.7109072728,21169.217928429,9296.29257283575,17052.5297179703,85884.5242135796,84010.9277743191,22141.714736139,6264.68587775657,215628.992327971,2672.51012804018,214267.931803256,118769.402587341,51130.6280420015,205596.074495262,738.491997856269,0.277106890307995,0.248921473229389,41571.8552928306,1.23830358598261,32,2,115,11228.9110703865,48209.0952899847
3,4,75,27,29,76,715,400,327,6550.42925911562,31802.1778506305,10634.3546808315,7460.38164180438,15745.2326979866,66227.6401919194,110923.093188868,25439.4613463694,9045.33509422442,214335.248404401,1831.17755821759,127911.59377822,105394.742006143,47291.4328864297,289555.294756672,703.210376585518,0.257939449698084,0.259439834476447,41787.9463938129,1.243405571637,39,2,114,12704.3475392669,32768.8152856436
4,6,75,46,40,125,732,650,480,15088.9860943047,134841.524503939,29403.8679812334,11027.932526367,35753.1757105689,109856.185593145,277056.662629662,40386.0710136841,12709.3551640444,425183.069727117,4082.30932383834,244445.576883316,122906.451131985,68441.8469754466,350583.303831922,825.055346179906,0.341235096854904,0.294395668860292,43883.8684213517,1.25452531846741,54,2,152,21860.7495937787,128250.50947593